"spA_par","spB_par","Dissimilarity","Exclusivity","D","I","a_A","b_A","alpha_A","gamma_A","a_B","b_B","alpha_B","gamma_B","ND_magnitude","ND_angle"
1,1,0,0,1,1,10,11,1,1,10,11,1,1,0,0
1,2,0.417,0.501,0.809588587402946,0.787650098121164,10,11,1,1,10,12,1,1,0.651835868911799,50.2281918852723
1,3,1,1,0.799994437426536,0.717439662418244,10,11,1,1,11,12,1,1,1.4142135623731,45
1,4,0.583,0.667,0.636813816550157,0.687771196547948,10,11,1,1,10,13,1,1,0.885876966626856,48.8444962923603
1,5,1,1,0.624950848654387,0.644376271148815,10,11,1,1,11,13,1,1,1.4142135623731,45
1,7,0.675,0.75,0.513372475060166,0.62767843366934,10,11,1,1,10,14,1,1,1.00902180353053,48.0127875041833
1,8,1,1,0.505078414651344,0.59731578145655,10,11,1,1,11,14,1,1,1.4142135623731,45
1,11,0.733,0.8,0.423122348914829,0.585361542192767,10,11,1,1,10,15,1,1,1.08502949268672,47.5025282440925
1,12,1,1,0.416588872691988,0.561876115417734,10,11,1,1,11,15,1,1,1.4142135623731,45
1,16,0.774,0.834,0.352058924073781,0.55196001368683,10,11,1,1,10,16,1,1,1.13781896626836,47.1369108537573
1,17,1,1,0.345731169501339,0.532708199068663,10,11,1,1,11,16,1,1,1.4142135623731,45
1,22,0.804,0.857,0.301965275816502,0.527651047852256,10,11,1,1,10,17,1,1,1.17510212322164,46.8276016522023
1,23,1,1,0.296772954356388,0.511655338125157,10,11,1,1,11,17,1,1,1.4142135623731,45
1,29,0.826,0.876,0.271264656583623,0.512094844565919,10,11,1,1,10,18,1,1,1.2040149500733,46.6827058041531
1,30,1,1,0.267621553552706,0.498786537218439,10,11,1,1,11,18,1,1,1.4142135623731,45
1,37,0.844,0.889,0.252750640428773,0.502200151565119,10,11,1,1,10,19,1,1,1.22582910717604,46.4874384465958
1,38,1,1,0.25004475113096,0.49094904609386,10,11,1,1,11,19,1,1,1.4142135623731,45
1,46,0.859,0.901,0.239537682768647,0.494684779433202,10,11,1,1,10,20,1,1,1.24486224137452,46.3670261919667
1,47,1,1,0.237562954404475,0.484935733427157,10,11,1,1,11,20,1,1,1.4142135623731,45
1,56,0.871,0.91,0.229032681164087,0.487995419193865,10,11,1,1,10,21,1,1,1.25965908086275,46.2544516226815
1,57,1,1,0.227544708045286,0.479339365164417,10,11,1,1,11,21,1,1,1.4142135623731,45
1,67,0.881,0.917,0.221354240399581,0.48241664269092,10,11,1,1,10,22,1,1,1.2716328086362,46.1470369837787
1,68,1,1,0.220289758229257,0.474608395544175,10,11,1,1,11,22,1,1,1.4142135623731,45
1,79,0.89,0.924,0.216172576576742,0.477921681490737,10,11,1,1,10,23,1,1,1.28291698874089,46.0737753205133
1,80,1,1,0.215433984970344,0.470791493085674,10,11,1,1,11,23,1,1,1.4142135623731,45
1,92,0.898,0.929,0.216039433702068,0.476019277948709,10,11,1,1,10,24,1,1,1.29207004454093,45.9720846959461
1,93,1,1,0.215760334967744,0.469524890013906,10,11,1,1,11,24,1,1,1.4142135623731,45
1,106,0.904,0.934,0.217654315412951,0.4756611309577,10,11,1,1,10,25,1,1,1.29983537419167,45.9351037909461
1,107,1,1,0.217689531274142,0.469722076960515,10,11,1,1,11,25,1,1,1.4142135623731,45
1,121,0.91,0.938,0.220276545043262,0.476064290034551,10,11,1,1,10,26,1,1,1.30688331537288,45.8680514497455
1,122,1,1,0.220665232308562,0.470600046398832,10,11,1,1,11,26,1,1,1.4142135623731,45
1,137,0.915,0.942,0.224087165683572,0.477271936921211,10,11,1,1,10,27,1,1,1.31323607930943,45.8329978729374
1,138,1,1,0.224840220650979,0.472229470474567,10,11,1,1,11,27,1,1,1.4142135623731,45
1,154,0.92,0.945,0.228207701169312,0.478604885829384,10,11,1,1,10,28,1,1,1.3188726246306,45.7679939419461
1,155,1,1,0.229292798305248,0.473916710403498,10,11,1,1,11,28,1,1,1.4142135623731,45
1,172,0.924,0.948,0.232876729360813,0.48030712076127,10,11,1,1,10,29,1,1,1.32381267557007,45.7345210342548
1,173,1,1,0.234235404026804,0.475933329979684,10,11,1,1,11,29,1,1,1.4142135623731,45
1,191,0.927,0.951,0.237474358653704,0.482163720406193,10,11,1,1,10,30,1,1,1.32805496874188,45.7321745775638
1,192,1,1,0.239087351698428,0.478065157975171,10,11,1,1,11,30,1,1,1.4142135623731,45
1,211,0.931,0.953,0.24230004464881,0.484139557064423,10,11,1,1,10,31,1,1,1.33228000060047,45.6690285882035
1,212,1,1,0.244176086644814,0.480284319510639,10,11,1,1,11,31,1,1,1.4142135623731,45
1,232,0.934,0.955,0.247725362507223,0.486683482280653,10,11,1,1,10,32,1,1,1.33580724657415,45.6369305485127
1,233,1,1,0.24989735827855,0.483066306054131,10,11,1,1,11,32,1,1,1.4142135623731,45
1,254,0.937,0.957,0.254865984937947,0.490523925059466,10,11,1,1,10,33,1,1,1.33933490957266,45.6050015843608
1,255,1,1,0.257419184683108,0.487172509417434,10,11,1,1,11,33,1,1,1.4142135623731,45
1,277,0.939,0.959,0.264000804971634,0.496048705110475,10,11,1,1,10,34,1,1,1.34216317934892,45.6037266491525
1,278,1,1,0.267028406853449,0.493002146907625,10,11,1,1,11,34,1,1,1.4142135623731,45
1,301,0.942,0.961,0.272495840615845,0.500826170721311,10,11,1,1,10,35,1,1,1.34569127217204,45.5720355438285
1,302,1,1,0.275897078274614,0.498004470698514,10,11,1,1,11,35,1,1,1.4142135623731,45
1,326,0.377,0,0.936670356575139,0.909742659834776,10,11,1,1,10,11,4,1,0.377,0
1,327,0.899,0.501,0.786765162350639,0.734495971494522,10,11,1,1,10,12,4,1,1.02917539807362,29.1303062929631
1,328,1,1,0.853845953732567,0.74206995586281,10,11,1,1,11,12,4,1,1.4142135623731,45
1,329,0.976,0.667,0.637767708712561,0.658679475347936,10,11,1,1,10,13,4,1,1.1821442382383,34.3487652049888
1,330,1,1,0.702721225581717,0.676752586360456,10,11,1,1,11,13,4,1,1.4142135623731,45
1,332,0.992,0.75,0.53980938865665,0.616512974254213,10,11,1,1,10,14,4,1,1.24360926339425,37.0910446191061
1,333,1,1,0.595462119482541,0.634996148085498,10,11,1,1,11,14,4,1,1.4142135623731,45
1,336,0.997,0.8,0.452792637257438,0.579831289773885,10,11,1,1,10,15,4,1,1.27828361485235,38.7438093367465
1,337,1,1,0.490445509187228,0.592959549263428,10,11,1,1,11,15,4,1,1.4142135623731,45
1,341,0.998,0.834,0.375807005747588,0.547611327818018,10,11,1,1,10,16,4,1,1.30059986160233,39.8845374641193
1,342,1,1,0.401064906275071,0.55703957568526,10,11,1,1,11,16,4,1,1.4142135623731,45
1,347,0.999,0.857,0.32422908368048,0.525752780897519,10,11,1,1,10,17,4,1,1.31622566454237,40.6249022990097
1,348,1,1,0.342916235117298,0.533273672264408,10,11,1,1,11,17,4,1,1.4142135623731,45
1,354,1,0.876,0.29554862773116,0.514541886935749,10,11,1,1,10,18,4,1,1.32942694421318,41.2183597954253
1,355,1,1,0.309970306906954,0.521158072354503,10,11,1,1,11,18,4,1,1.4142135623731,45
1,362,1,0.889,0.274743581303194,0.507717802942914,10,11,1,1,10,19,4,1,1.33802877398059,41.6370954301303
1,363,1,1,0.285556594638508,0.51342032984193,10,11,1,1,11,19,4,1,1.4142135623731,45
1,371,1,0.901,0.261798736424151,0.502279770370519,10,11,1,1,10,20,4,1,1.34603157466681,42.0188518871078
1,372,1,1,0.270862658326329,0.507321462585083,10,11,1,1,11,20,4,1,1.4142135623731,45
1,381,1,0.91,0.250272294871292,0.495225111226199,10,11,1,1,10,21,4,1,1.35207248326412,42.3021943666837
1,382,1,1,0.25779197649013,0.499246225079464,10,11,1,1,11,21,4,1,1.4142135623731,45
1,392,1,0.917,0.241191826732324,0.488078482671569,10,11,1,1,10,22,4,1,1.35679364680116,42.5208234584756
1,393,1,1,0.247101693514677,0.491056982959791,10,11,1,1,11,22,4,1,1.4142135623731,45
1,404,1,0.924,0.232873221744782,0.481669432390423,10,11,1,1,10,23,4,1,1.36153442850337,42.7379331862422
1,405,1,1,0.236812609898315,0.483806598854843,10,11,1,1,11,23,4,1,1.4142135623731,45
1,417,1,0.929,0.232604424866298,0.480860323399668,10,11,1,1,10,24,4,1,1.36493259906854,42.8920866639288
1,418,1,1,0.235579977209793,0.482846957567846,10,11,1,1,11,24,4,1,1.4142135623731,45
1,431,1,0.934,0.237095537292153,0.48353312358139,10,11,1,1,10,25,4,1,1.36834060087392,43.0454733751738
1,432,1,1,0.239896089524343,0.485783191683644,10,11,1,1,11,25,4,1,1.4142135623731,45
1,446,1,0.938,0.244592579535843,0.487960704312514,10,11,1,1,10,26,4,1,1.37107403155337,43.1676330404667
1,447,1,1,0.247772469941515,0.490644673453993,10,11,1,1,11,26,4,1,1.4142135623731,45
1,462,1,0.942,0.255170660686001,0.493654704368704,10,11,1,1,10,27,4,1,1.37381367004409,43.2893060391034
1,463,1,1,0.258711601326247,0.496772458374544,10,11,1,1,11,27,4,1,1.4142135623731,45
1,479,1,0.945,0.263281310334086,0.498788648360081,10,11,1,1,10,28,4,1,1.37587245048369,43.3802425027447
1,480,1,1,0.266947722926619,0.502191905510211,10,11,1,1,11,28,4,1,1.4142135623731,45
1,497,1,0.948,0.271840816038725,0.503870963653105,10,11,1,1,10,29,4,1,1.37793468640571,43.4709070006888
1,498,1,1,0.275654385633741,0.507421914620773,10,11,1,1,11,29,4,1,1.4142135623731,45
1,516,1,0.951,0.280175212678628,0.50831050735375,10,11,1,1,10,30,4,1,1.38000036231879,43.5613002991642
1,517,1,1,0.283984856020697,0.511843955987207,10,11,1,1,11,30,4,1,1.4142135623731,45
1,536,1,0.953,0.288779022228635,0.512125615191839,10,11,1,1,10,31,4,1,1.38137938308055,43.621412210535
1,537,1,1,0.29252375128167,0.515508774581462,10,11,1,1,11,31,4,1,1.4142135623731,45
1,557,1,0.955,0.300565641169427,0.516664895409151,10,11,1,1,10,32,4,1,1.38275992131678,43.6814041571714
1,558,1,1,0.304404332470967,0.519860558343169,10,11,1,1,11,32,4,1,1.4142135623731,45
1,579,1,0.957,0.319520562981359,0.524371493380739,10,11,1,1,10,33,4,1,1.38414197248693,43.7412763666856
1,580,1,1,0.323970046115888,0.527541665651072,10,11,1,1,11,33,4,1,1.4142135623731,45
1,602,1,0.959,0.345788634545126,0.535793775367069,10,11,1,1,10,34,4,1,1.38552553206356,43.8010290668278
1,603,1,1,0.351546111668604,0.539062496634724,10,11,1,1,11,34,4,1,1.4142135623731,45
1,626,1,0.961,0.365921096611122,0.542416880206989,10,11,1,1,10,35,4,1,1.38691059553239,43.86066248548
1,627,1,1,0.372193168972254,0.545428837007945,10,11,1,1,11,35,4,1,1.4142135623731,45
1,651,0.525,0,0.910533643396549,0.874400185105111,10,11,1,1,10,11,7,1,0.525,0
1,652,0.983,0.501,0.818933426164348,0.733445247379249,10,11,1,1,10,12,7,1,1.1033086603485,27.0063151768632
1,653,1,1,0.866413481351477,0.759285529257205,10,11,1,1,11,12,7,1,1.4142135623731,45
1,654,0.999,0.667,0.696218879684234,0.675639208169129,10,11,1,1,10,13,7,1,1.20120356309828,33.7297551988148
1,655,1,1,0.764094790297597,0.702957424961867,10,11,1,1,11,13,7,1,1.4142135623731,45
1,657,1,0.75,0.611889178859146,0.642227476930645,10,11,1,1,10,14,7,1,1.25,36.869897645844
1,658,1,1,0.67066246891779,0.665868661355634,10,11,1,1,11,14,7,1,1.4142135623731,45
1,661,1,0.8,0.514302036054297,0.602815973040148,10,11,1,1,10,15,7,1,1.28062484748657,38.6598082540901
1,662,1,1,0.553671013296377,0.618532773448327,10,11,1,1,11,15,7,1,1.4142135623731,45
1,666,1,0.834,0.428941312092037,0.568912793397714,10,11,1,1,10,16,7,1,1.30213516963486,39.8281063042843
1,667,1,1,0.459107360462931,0.581510032585247,10,11,1,1,11,16,7,1,1.4142135623731,45
1,672,1,0.857,0.37286011928205,0.546500387965978,10,11,1,1,10,17,7,1,1.31698481388359,40.5965758359628
1,673,1,1,0.396873063695902,0.556837158173552,10,11,1,1,11,17,7,1,1.4142135623731,45
1,679,1,0.876,0.339732802507112,0.535900903401256,10,11,1,1,10,18,7,1,1.32942694421318,41.2183597954253
1,680,1,1,0.358685938306931,0.544866159867486,10,11,1,1,11,18,7,1,1.4142135623731,45
1,687,1,0.889,0.312698625546528,0.528326262502922,10,11,1,1,10,19,7,1,1.33802877398059,41.6370954301303
1,688,1,1,0.327346715681536,0.535808387829331,10,11,1,1,11,19,7,1,1.4142135623731,45
1,696,1,0.901,0.29921348505394,0.522585580408039,10,11,1,1,10,20,7,1,1.34603157466681,42.0188518871078
1,697,1,1,0.312521924654986,0.529163852541148,10,11,1,1,11,20,7,1,1.4142135623731,45
1,706,1,0.91,0.28490235502001,0.512413044677464,10,11,1,1,10,21,7,1,1.35207248326412,42.3021943666837
1,707,1,1,0.295722850061927,0.517313206993893,10,11,1,1,11,21,7,1,1.4142135623731,45
1,717,1,0.917,0.269011562322157,0.50155328646708,10,11,1,1,10,22,7,1,1.35679364680116,42.5208234584756
1,718,1,1,0.276186016375166,0.505015653488599,10,11,1,1,11,22,7,1,1.4142135623731,45
1,729,1,0.924,0.250968988817152,0.492381596024186,10,11,1,1,10,23,7,1,1.36153442850337,42.7379331862422
1,730,1,1,0.255068470485302,0.495002610190266,10,11,1,1,11,23,7,1,1.4142135623731,45
1,742,1,0.929,0.248450559444688,0.493134182099938,10,11,1,1,10,24,7,1,1.36493259906854,42.8920866639288
1,743,1,1,0.252261330986754,0.496059030637753,10,11,1,1,11,24,7,1,1.4142135623731,45
1,756,1,0.934,0.257471867447326,0.500097171859603,10,11,1,1,10,25,7,1,1.36834060087392,43.0454733751738
1,757,1,1,0.262391958514538,0.503902624564443,10,11,1,1,11,25,7,1,1.4142135623731,45
1,771,1,0.938,0.272055906161647,0.509906620050118,10,11,1,1,10,26,7,1,1.37107403155337,43.1676330404667
1,772,1,1,0.27849729532164,0.514686457785822,10,11,1,1,11,26,7,1,1.4142135623731,45
1,787,1,0.942,0.287929915594748,0.520472070933801,10,11,1,1,10,27,7,1,1.37381367004409,43.2893060391034
1,788,1,1,0.295196505896564,0.525883819411305,10,11,1,1,11,27,7,1,1.4142135623731,45
1,804,1,0.945,0.300350886767654,0.52870145874225,10,11,1,1,10,28,7,1,1.37587245048369,43.3802425027447
1,805,1,1,0.308120269057115,0.534237908581696,10,11,1,1,11,28,7,1,1.4142135623731,45
1,822,1,0.948,0.310353948918524,0.535029023683246,10,11,1,1,10,29,7,1,1.37793468640571,43.4709070006888
1,823,1,1,0.317624236755308,0.540217514261843,10,11,1,1,11,29,7,1,1.4142135623731,45
1,841,1,0.951,0.317508100280768,0.53884959354361,10,11,1,1,10,30,7,1,1.38000036231879,43.5613002991642
1,842,1,1,0.32378028052811,0.543382760892429,10,11,1,1,11,30,7,1,1.4142135623731,45
1,861,1,0.953,0.323938380492487,0.540690821676614,10,11,1,1,10,31,7,1,1.38137938308055,43.621412210535
1,862,1,1,0.328967406085556,0.544448322541137,10,11,1,1,11,31,7,1,1.4142135623731,45
1,882,1,0.955,0.335460243486048,0.543051448090023,10,11,1,1,10,32,7,1,1.38275992131678,43.6814041571714
1,883,1,1,0.339608819733645,0.546104595500323,10,11,1,1,11,32,7,1,1.4142135623731,45
1,904,1,0.957,0.360395692931041,0.550902138984578,10,11,1,1,10,33,7,1,1.38414197248693,43.7412763666856
1,905,1,1,0.364686758088498,0.553688926811898,10,11,1,1,11,33,7,1,1.4142135623731,45
1,927,1,0.959,0.401081008662636,0.563771690400934,10,11,1,1,10,34,7,1,1.38552553206356,43.8010290668278
1,928,1,1,0.406356494629209,0.566459835988392,10,11,1,1,11,34,7,1,1.4142135623731,45
1,951,1,0.961,0.420772537802836,0.567518312047794,10,11,1,1,10,35,7,1,1.38691059553239,43.86066248548
1,952,1,1,0.424686811429113,0.569696551418446,10,11,1,1,11,35,7,1,1.4142135623731,45
1,976,0.606,0,0.897451628177284,0.856452757273072,10,11,1,1,10,11,10,1,0.606,0
1,977,0.997,0.501,0.847907910028016,0.741705646716301,10,11,1,1,10,12,10,1,1.11580016131922,26.6798722247982
1,978,1,1,0.866525361738596,0.770318699276162,10,11,1,1,11,12,10,1,1.4142135623731,45
1,979,1,0.667,0.742111600396197,0.693756718860544,10,11,1,1,10,13,10,1,1.20203535721708,33.703287594853
1,980,1,1,0.806247096004687,0.721557481246132,10,11,1,1,11,13,10,1,1.4142135623731,45
1,982,1,0.75,0.667140379282587,0.664457386422479,10,11,1,1,10,14,10,1,1.25,36.869897645844
1,983,1,1,0.722708796214552,0.687457823818012,10,11,1,1,11,14,10,1,1.4142135623731,45
1,986,1,0.8,0.561620074718407,0.621732778365483,10,11,1,1,10,15,10,1,1.28062484748657,38.6598082540901
1,987,1,1,0.600994919694323,0.637542456812284,10,11,1,1,11,15,10,1,1.4142135623731,45
1,991,1,0.834,0.474833849125818,0.58813623800119,10,11,1,1,10,16,10,1,1.30213516963486,39.8281063042843
1,992,1,1,0.50808871894451,0.602118679259724,10,11,1,1,11,16,10,1,1.4142135623731,45
1,997,1,0.857,0.416778173205261,0.565350885580884,10,11,1,1,10,17,10,1,1.31698481388359,40.5965758359628
1,998,1,1,0.444157667776592,0.576931557954656,10,11,1,1,11,17,10,1,1.4142135623731,45
1,1004,1,0.876,0.380114277792439,0.554889102833026,10,11,1,1,10,18,10,1,1.32942694421318,41.2183597954253
1,1005,1,1,0.402152335788343,0.564888212440845,10,11,1,1,11,18,10,1,1.4142135623731,45
1,1012,1,0.889,0.348743835115965,0.546289059166804,10,11,1,1,10,19,10,1,1.33802877398059,41.6370954301303
1,1013,1,1,0.3666535088869,0.554645770558825,10,11,1,1,11,19,10,1,1.4142135623731,45
1,1021,1,0.901,0.336805171246423,0.540295755723509,10,11,1,1,10,20,10,1,1.34603157466681,42.0188518871078
1,1022,1,1,0.353615393434679,0.547659221140587,10,11,1,1,11,20,10,1,1.4142135623731,45
1,1031,1,0.91,0.317957943976617,0.526721944302238,10,11,1,1,10,21,10,1,1.35207248326412,42.3021943666837
1,1032,1,1,0.330480950285147,0.532012448004278,10,11,1,1,11,21,10,1,1.4142135623731,45
1,1042,1,0.917,0.292405319700181,0.512807188909793,10,11,1,1,10,22,10,1,1.35679364680116,42.5208234584756
1,1043,1,1,0.300495701227731,0.516697494470828,10,11,1,1,11,22,10,1,1.4142135623731,45
1,1054,1,0.924,0.267242466973662,0.502327889106051,10,11,1,1,10,23,10,1,1.36153442850337,42.7379331862422
1,1055,1,1,0.273083917055049,0.505681609550331,10,11,1,1,11,23,10,1,1.4142135623731,45
1,1067,1,0.929,0.26671815607881,0.506101835154887,10,11,1,1,10,24,10,1,1.36493259906854,42.8920866639288
1,1068,1,1,0.273081456674293,0.510256056160515,10,11,1,1,11,24,10,1,1.4142135623731,45
1,1081,1,0.934,0.283843681878179,0.518577882437402,10,11,1,1,10,25,10,1,1.36834060087392,43.0454733751738
1,1082,1,1,0.292481434426752,0.524124078997941,10,11,1,1,11,25,10,1,1.4142135623731,45
1,1096,1,0.938,0.308660816517057,0.534211219366897,10,11,1,1,10,26,10,1,1.37107403155337,43.1676330404667
1,1097,1,1,0.319799845226502,0.540942705358898,10,11,1,1,11,26,10,1,1.4142135623731,45
1,1112,1,0.942,0.330492952113839,0.548362253834221,10,11,1,1,10,27,10,1,1.37381367004409,43.2893060391034
1,1113,1,1,0.342353742035355,0.555318127523925,10,11,1,1,11,27,10,1,1.4142135623731,45
1,1129,1,0.945,0.345982750001168,0.55723891371582,10,11,1,1,10,28,10,1,1.37587245048369,43.3802425027447
1,1130,1,1,0.357398179883867,0.563603792917497,10,11,1,1,11,28,10,1,1.4142135623731,45
1,1147,1,0.948,0.352638760596525,0.561412498792688,10,11,1,1,10,29,10,1,1.37793468640571,43.4709070006888
1,1148,1,1,0.362071423978671,0.566602688723502,10,11,1,1,11,29,10,1,1.4142135623731,45
1,1166,1,0.951,0.354016213060323,0.561730155654845,10,11,1,1,10,30,10,1,1.38000036231879,43.5613002991642
1,1167,1,1,0.361197273430762,0.56575856075808,10,11,1,1,11,30,10,1,1.4142135623731,45
1,1186,1,0.953,0.353137004249318,0.559693409170538,10,11,1,1,10,31,10,1,1.38137938308055,43.621412210535
1,1187,1,1,0.358332529372574,0.562740735895119,10,11,1,1,11,31,10,1,1.4142135623731,45
1,1207,1,0.955,0.360037547386784,0.55886865752273,10,11,1,1,10,32,10,1,1.38275992131678,43.6814041571714
1,1208,1,1,0.363831577257106,0.56122426411344,10,11,1,1,11,32,10,1,1.4142135623731,45
1,1229,1,0.957,0.386527887869711,0.566662207314706,10,11,1,1,10,33,10,1,1.38414197248693,43.7412763666856
1,1230,1,1,0.389975768560638,0.568964936779944,10,11,1,1,11,33,10,1,1.4142135623731,45
1,1252,1,0.959,0.43367163861176,0.58013747504263,10,11,1,1,10,34,10,1,1.38552553206356,43.8010290668278
1,1253,1,1,0.437632538672829,0.582434300168571,10,11,1,1,11,34,10,1,1.4142135623731,45
1,1276,1,0.961,0.442592319038495,0.581077739481573,10,11,1,1,10,35,10,1,1.38691059553239,43.86066248548
1,1277,1,1,0.444417284825517,0.582900053527097,10,11,1,1,11,35,10,1,1.4142135623731,45
1,1301,0.377,0,0.925911248879684,0.900588670454681,10,11,1,1,10,11,1,4,0.377,0
1,1302,0.118,0.501,0.963720285668311,0.921573464333462,10,11,1,1,10,12,1,4,0.514708655454714,76.7467321087159
1,1303,1,1,0.866368460376396,0.755156955361686,10,11,1,1,11,12,1,4,1.4142135623731,45
1,1304,0.241,0.667,0.866397007431785,0.828164855680666,10,11,1,1,10,13,1,4,0.709203778895742,70.1342319782816
1,1305,1,1,0.761996802000121,0.700996302682536,10,11,1,1,11,13,1,4,1.4142135623731,45
1,1307,0.367,0.75,0.759883486961494,0.757774962045295,10,11,1,1,10,14,1,4,0.834978442835502,63.9259558023666
1,1308,1,1,0.658571339341881,0.657966062179418,10,11,1,1,11,14,1,4,1.4142135623731,45
1,1311,0.453,0.8,0.66532787537227,0.705149124523026,10,11,1,1,10,15,1,4,0.919352489527276,60.479291548086
1,1312,1,1,0.575166072916537,0.624745565553043,10,11,1,1,11,15,1,4,1.4142135623731,45
1,1316,0.517,0.834,0.585134803335466,0.664542043577925,10,11,1,1,10,16,1,4,0.981246656045258,58.2050572957133
1,1317,1,1,0.507517020680404,0.598094247851095,10,11,1,1,11,16,1,4,1.4142135623731,45
1,1322,0.566,0.857,0.517181632929504,0.631769590392502,10,11,1,1,10,17,1,4,1.02703700030719,56.5574957382104
1,1323,1,1,0.450683918454615,0.575562967699616,10,11,1,1,11,17,1,4,1.4142135623731,45
1,1329,0.605,0.876,0.459767986482839,0.604728534358255,10,11,1,1,10,18,1,4,1.06461307525316,55.369518205737
1,1330,1,1,0.402948363128537,0.556417815027133,10,11,1,1,11,18,1,4,1.4142135623731,45
1,1337,0.638,0.889,0.412132752000678,0.582446704936756,10,11,1,1,10,19,1,4,1.09424174659899,54.334497989011
1,1338,1,1,0.363989714251138,0.540537944949487,10,11,1,1,11,19,1,4,1.4142135623731,45
1,1346,0.666,0.901,0.373777107839698,0.564325446264732,10,11,1,1,10,20,1,4,1.12042715068852,53.5289776311841
1,1347,1,1,0.333512525270385,0.527766784334006,10,11,1,1,11,20,1,4,1.4142135623731,45
1,1356,0.689,0.91,0.34348175304123,0.549666075702045,10,11,1,1,10,21,1,4,1.14141184504104,52.8690755517905
1,1357,1,1,0.310059201181904,0.517581173993625,10,11,1,1,11,21,1,4,1.4142135623731,45
1,1367,0.709,0.917,0.319420032496776,0.537706165385813,10,11,1,1,10,22,1,4,1.15912466974006,52.2897586023457
1,1368,1,1,0.291640022519302,0.509337170572406,10,11,1,1,11,22,1,4,1.4142135623731,45
1,1379,0.727,0.924,0.30007292068715,0.527817234443143,10,11,1,1,10,23,1,4,1.17571467627142,51.8044539747298
1,1380,1,1,0.276813302679346,0.502536347636068,10,11,1,1,11,23,1,4,1.4142135623731,45
1,1392,0.743,0.929,0.284380203221236,0.519554064603141,10,11,1,1,10,24,1,4,1.18957555455717,51.3477138384902
1,1393,1,1,0.264800418325167,0.496858686027831,10,11,1,1,11,24,1,4,1.4142135623731,45
1,1406,0.757,0.934,0.271705267547851,0.512639185113585,10,11,1,1,10,25,1,4,1.20224997400707,50.9754924369885
1,1407,1,1,0.255174028555566,0.49213478979349,10,11,1,1,11,25,1,4,1.4142135623731,45
1,1421,0.769,0.938,0.261635276335766,0.50690080176091,10,11,1,1,10,26,1,4,1.2129323971269,50.6540917200168
1,1422,1,1,0.247707981566922,0.488274513272909,10,11,1,1,11,26,1,4,1.4142135623731,45
1,1437,0.78,0.942,0.25381359598054,0.502180705261931,10,11,1,1,10,27,1,4,1.22301430899234,50.3743773723244
1,1438,1,1,0.242080252156797,0.485173232655102,10,11,1,1,11,27,1,4,1.4142135623731,45
1,1454,0.791,0.945,0.247826531834105,0.49832634667401,10,11,1,1,10,28,1,4,1.23235790255916,50.0694201326125
1,1455,1,1,0.237911002261919,0.482719603017133,10,11,1,1,11,28,1,4,1.4142135623731,45
1,1472,0.8,0.948,0.243277294646455,0.495204019962304,10,11,1,1,10,29,1,4,1.24044508141231,49.8395875762976
1,1473,1,1,0.234931688489531,0.480815256698492,10,11,1,1,11,29,1,4,1.4142135623731,45
1,1491,0.808,0.951,0.239941003872225,0.492701657758861,10,11,1,1,10,30,1,4,1.24790424312124,49.6477076096626
1,1492,1,1,0.232937937320812,0.479377931530756,10,11,1,1,11,30,1,4,1.4142135623731,45
1,1511,0.816,0.953,0.237556885905676,0.490725673895169,10,11,1,1,10,31,1,4,1.25461747158247,49.4284256494751
1,1512,1,1,0.231655582087797,0.478338542977921,10,11,1,1,11,31,1,4,1.4142135623731,45
1,1532,0.823,0.955,0.235890870297164,0.489194635690406,10,11,1,1,10,32,1,4,1.26069583960605,49.2458906812198
1,1533,1,1,0.230954029634784,0.47763543285156,10,11,1,1,11,32,1,4,1.4142135623731,45
1,1554,0.83,0.957,0.23486324874528,0.488040506062771,10,11,1,1,10,33,1,4,1.26678688026045,49.06510924394
1,1555,1,1,0.230817060701621,0.477217326792716,10,11,1,1,11,33,1,4,1.4142135623731,45
1,1577,0.836,0.959,0.23441210569636,0.487212238548433,10,11,1,1,10,34,1,4,1.27223307613031,48.9199897157042
1,1578,1,1,0.231157763325054,0.47704811271428,10,11,1,1,11,34,1,4,1.4142135623731,45
1,1601,0.842,0.961,0.234456473235941,0.486678265019572,10,11,1,1,10,35,1,4,1.27768736395098,48.7761082652915
1,1602,1,1,0.231899473725892,0.477110028606013,10,11,1,1,11,35,1,4,1.4142135623731,45
1,1626,0.195,0,0.951953150059741,0.934444603546804,10,11,1,1,10,11,4,4,0.195,0
1,1627,0.618,0.501,0.866351121440876,0.809622635364793,10,11,1,1,10,12,4,4,0.795565836370567,39.0309771340704
1,1628,1,1,0.866300001570726,0.748724471788378,10,11,1,1,11,12,4,4,1.4142135623731,45
1,1629,0.841,0.667,0.713818607383799,0.707475244284793,10,11,1,1,10,13,4,4,1.07339182035266,38.418055344822
1,1630,1,1,0.7298954041193,0.687547249211641,10,11,1,1,11,13,4,4,1.4142135623731,45
1,1632,0.927,0.75,0.593485324588237,0.64665090989237,10,11,1,1,10,14,4,4,1.19240471317418,38.9749881449295
1,1633,1,1,0.615743307863382,0.641532651265663,10,11,1,1,11,14,4,4,1.4142135623731,45
1,1636,0.964,0.8,0.508313467623386,0.607754415568932,10,11,1,1,10,15,4,4,1.25271545053136,39.6884498745453
1,1637,1,1,0.532505492942434,0.609245976544267,10,11,1,1,11,15,4,4,1.4142135623731,45
1,1641,0.98,0.834,0.44033066202616,0.577785090520777,10,11,1,1,10,16,4,4,1.28683953933659,40.3984614785491
1,1642,1,1,0.457563422757272,0.5795653437564,10,11,1,1,11,16,4,4,1.4142135623731,45
1,1647,0.988,0.857,0.381913530124673,0.552348028795633,10,11,1,1,10,17,4,4,1.30789640262522,40.9386601560802
1,1648,1,1,0.392191261265601,0.553125499698084,10,11,1,1,11,17,4,4,1.4142135623731,45
1,1654,0.993,0.876,0.335994166595777,0.532096666126831,10,11,1,1,10,18,4,4,1.3241695510772,41.4179400549694
1,1655,1,1,0.342866729723865,0.532700534315806,10,11,1,1,11,18,4,4,1.4142135623731,45
1,1662,0.995,0.889,0.303920796286922,0.517624571048828,10,11,1,1,10,19,4,4,1.33429606909411,41.7797472074282
1,1663,1,1,0.310031109398056,0.518817152704436,10,11,1,1,11,19,4,4,1.4142135623731,45
1,1671,0.997,0.901,0.282817298416764,0.507913315408649,10,11,1,1,10,20,4,4,1.34380430122842,42.1044723488076
1,1672,1,1,0.288492198321056,0.509748803426993,10,11,1,1,11,20,4,4,1.4142135623731,45
1,1681,0.998,0.91,0.267257439479116,0.500963559259141,10,11,1,1,10,21,4,4,1.35059394341897,42.3592987334688
1,1682,1,1,0.272206891419082,0.503156934884251,10,11,1,1,11,21,4,4,1.4142135623731,45
1,1692,0.998,0.917,0.255173761012744,0.495444985261778,10,11,1,1,10,22,4,4,1.35532025735617,42.5779668884413
1,1693,1,1,0.259478216240596,0.497715000122089,10,11,1,1,11,22,4,4,1.4142135623731,45
1,1704,0.999,0.924,0.245719966253207,0.490769443744354,10,11,1,1,10,23,4,4,1.36080013227513,42.7665072264289
1,1705,1,1,0.249500821921629,0.492913429262425,10,11,1,1,11,23,4,4,1.4142135623731,45
1,1717,0.999,0.929,0.238532927518053,0.486729972863111,10,11,1,1,10,24,4,4,1.36420013194546,42.9206723796844
1,1718,1,1,0.241910679308341,0.488618725069882,10,11,1,1,11,24,4,4,1.4142135623731,45
1,1731,0.999,0.934,0.233844407992436,0.483506018596675,10,11,1,1,10,25,4,4,1.36760995901609,43.0740698868058
1,1732,1,1,0.237067837220454,0.485148410137592,10,11,1,1,11,25,4,4,1.4142135623731,45
1,1746,0.999,0.938,0.231729356349447,0.481244754016564,10,11,1,1,10,26,4,4,1.37034484710966,43.1962375636299
1,1747,1,1,0.235026081935614,0.482726639934327,10,11,1,1,11,26,4,4,1.4142135623731,45
1,1762,1,0.942,0.231363912859199,0.479880058176469,10,11,1,1,10,27,4,4,1.37381367004409,43.2893060391034
1,1763,1,1,0.234478377754733,0.481308665787164,10,11,1,1,11,27,4,4,1.4142135623731,45
1,1779,1,0.945,0.231917630822995,0.479365502508234,10,11,1,1,10,28,4,4,1.37587245048369,43.3802425027447
1,1780,1,1,0.235136411046137,0.480854050188706,10,11,1,1,11,28,4,4,1.4142135623731,45
1,1797,1,0.948,0.233753368561704,0.479615895224431,10,11,1,1,10,29,4,4,1.37793468640571,43.4709070006888
1,1798,1,1,0.237097935047326,0.481251297179257,10,11,1,1,11,29,4,4,1.4142135623731,45
1,1816,1,0.951,0.236540600785927,0.480507854371372,10,11,1,1,10,30,4,4,1.38000036231879,43.5613002991642
1,1817,1,1,0.240101742777324,0.482344215507506,10,11,1,1,11,30,4,4,1.4142135623731,45
1,1836,1,0.953,0.240204712065153,0.48191906266789,10,11,1,1,10,31,4,4,1.38137938308055,43.621412210535
1,1837,1,1,0.244061954421213,0.483983275994751,10,11,1,1,11,31,4,4,1.4142135623731,45
1,1857,1,0.955,0.244485132269357,0.483730694652764,10,11,1,1,10,32,4,4,1.38275992131678,43.6814041571714
1,1858,1,1,0.248615171834375,0.486027407409592,10,11,1,1,11,32,4,4,1.4142135623731,45
1,1879,1,0.957,0.24912025168334,0.485869278286929,10,11,1,1,10,33,4,4,1.38414197248693,43.7412763666856
1,1880,1,1,0.253408162548561,0.488391680317231,10,11,1,1,11,33,4,4,1.4142135623731,45
1,1902,1,0.959,0.254143087139889,0.48835655851162,10,11,1,1,10,34,4,4,1.38552553206356,43.8010290668278
1,1903,1,1,0.258648182215868,0.491104663598723,10,11,1,1,11,34,4,4,1.4142135623731,45
1,1926,1,0.961,0.259873003647968,0.491315792840539,10,11,1,1,10,35,4,4,1.38691059553239,43.86066248548
1,1927,1,1,0.26467648639736,0.494308775737327,10,11,1,1,11,35,4,4,1.4142135623731,45
1,1951,0.261,0,0.940129957624763,0.914493526002765,10,11,1,1,10,11,7,4,0.261,0
1,1952,0.861,0.501,0.838384840026282,0.762092077374342,10,11,1,1,10,12,7,4,0.996153602613573,30.1943346737443
1,1953,1,1,0.866359804582715,0.754199805815653,10,11,1,1,11,12,7,4,1.4142135623731,45
1,1954,0.978,0.667,0.698066343206442,0.681965598032335,10,11,1,1,10,13,7,4,1.18379601283329,34.2941477845064
1,1955,1,1,0.748469719465755,0.695738131379829,10,11,1,1,11,13,7,4,1.4142135623731,45
1,1957,0.996,0.75,0.593315773948076,0.635385754262417,10,11,1,1,10,14,7,4,1.24680230991124,36.9801877493018
1,1958,1,1,0.641512573506407,0.652725456114749,10,11,1,1,11,14,7,4,1.4142135623731,45
1,1961,0.999,0.8,0.519011460487352,0.605240138360886,10,11,1,1,10,15,7,4,1.27984413113473,38.6877744651763
1,1962,1,1,0.558273212723847,0.620416300158228,10,11,1,1,11,15,7,4,1.4142135623731,45
1,1966,1,0.834,0.445848691904194,0.575498981167357,10,11,1,1,10,16,7,4,1.30213516963486,39.8281063042843
1,1967,1,1,0.46795452914898,0.584201123220751,10,11,1,1,11,16,7,4,1.4142135623731,45
1,1972,1,0.857,0.381746090859916,0.549239881340328,10,11,1,1,10,17,7,4,1.31698481388359,40.5965758359628
1,1973,1,1,0.39627468340744,0.555321886909803,10,11,1,1,11,17,7,4,1.4142135623731,45
1,1979,1,0.876,0.335977943211866,0.530274555300015,10,11,1,1,10,18,7,4,1.32942694421318,41.2183597954253
1,1980,1,1,0.348160527837976,0.535800629772445,10,11,1,1,11,18,7,4,1.4142135623731,45
1,1987,1,0.889,0.30839281583311,0.51890803130929,10,11,1,1,10,19,7,4,1.33802877398059,41.6370954301303
1,1988,1,1,0.319429596073181,0.52458842087814,10,11,1,1,11,19,7,4,1.4142135623731,45
1,1996,1,0.901,0.288842320013298,0.511882909152122,10,11,1,1,10,20,7,4,1.34603157466681,42.0188518871078
1,1997,1,1,0.297693558947539,0.517308764936433,10,11,1,1,11,20,7,4,1.4142135623731,45
1,2006,1,0.91,0.273902608021058,0.506467023807562,10,11,1,1,10,21,7,4,1.35207248326412,42.3021943666837
1,2007,1,1,0.281445349295654,0.51138384450029,10,11,1,1,11,21,7,4,1.4142135623731,45
1,2017,1,0.917,0.262043322942417,0.501297519230383,10,11,1,1,10,22,7,4,1.35679364680116,42.5208234584756
1,2018,1,1,0.268484233664065,0.505426107595884,10,11,1,1,11,22,7,4,1.4142135623731,45
1,2029,1,0.924,0.252782028314455,0.496014871036907,10,11,1,1,10,23,7,4,1.36153442850337,42.7379331862422
1,2030,1,1,0.25842179614705,0.499158529577991,10,11,1,1,11,23,7,4,1.4142135623731,45
1,2042,1,0.929,0.245873893188422,0.490797616260219,10,11,1,1,10,24,7,4,1.36493259906854,42.8920866639288
1,2043,1,1,0.250606040804213,0.492986009827355,10,11,1,1,11,24,7,4,1.4142135623731,45
1,2056,1,0.934,0.242354561155055,0.486869313965258,10,11,1,1,10,25,7,4,1.36834060087392,43.0454733751738
1,2057,1,1,0.246062469721223,0.488528688523774,10,11,1,1,11,25,7,4,1.4142135623731,45
1,2071,1,0.938,0.240701690222397,0.484825484949396,10,11,1,1,10,26,7,4,1.37107403155337,43.1676330404667
1,2072,1,1,0.243330506531308,0.486423748010386,10,11,1,1,11,26,7,4,1.4142135623731,45
1,2087,1,0.942,0.241031992098882,0.484661468473947,10,11,1,1,10,27,7,4,1.37381367004409,43.2893060391034
1,2088,1,1,0.243335481004934,0.486565174164385,10,11,1,1,11,27,7,4,1.4142135623731,45
1,2104,1,0.945,0.243623195891246,0.486265916927748,10,11,1,1,10,28,7,4,1.37587245048369,43.3802425027447
1,2105,1,1,0.246285931827576,0.48871201039945,10,11,1,1,11,28,7,4,1.4142135623731,45
1,2122,1,0.948,0.248737264487792,0.489196623008264,10,11,1,1,10,29,7,4,1.37793468640571,43.4709070006888
1,2123,1,1,0.252337479826675,0.492255047314036,10,11,1,1,11,29,7,4,1.4142135623731,45
1,2141,1,0.951,0.255504054046968,0.493037078266827,10,11,1,1,10,30,7,4,1.38000036231879,43.5613002991642
1,2142,1,1,0.2596981859058,0.496680786913596,10,11,1,1,11,30,7,4,1.4142135623731,45
1,2161,1,0.953,0.262448016730944,0.497402077506425,10,11,1,1,10,31,7,4,1.38137938308055,43.621412210535
1,2162,1,1,0.267035220693085,0.501525818423335,10,11,1,1,11,31,7,4,1.4142135623731,45
1,2182,1,0.955,0.269976678533804,0.501955314018554,10,11,1,1,10,32,7,4,1.38275992131678,43.6814041571714
1,2183,1,1,0.275017439085094,0.506404579266077,10,11,1,1,11,32,7,4,1.4142135623731,45
1,2204,1,0.957,0.277790143187937,0.5065524895242,10,11,1,1,10,33,7,4,1.38414197248693,43.7412763666856
1,2205,1,1,0.283051067695094,0.511171618533876,10,11,1,1,11,33,7,4,1.4142135623731,45
1,2227,1,0.959,0.286414033234635,0.511420661320675,10,11,1,1,10,34,7,4,1.38552553206356,43.8010290668278
1,2228,1,1,0.292188148520063,0.516120668039023,10,11,1,1,11,34,7,4,1.4142135623731,45
1,2251,1,0.961,0.297399402729017,0.517027069119474,10,11,1,1,10,35,7,4,1.38691059553239,43.86066248548
1,2252,1,1,0.30397456553442,0.521802542467263,10,11,1,1,11,35,7,4,1.4142135623731,45
1,2276,0.34,0,0.926999123956093,0.894024518608991,10,11,1,1,10,11,10,4,0.34,0
1,2277,0.955,0.501,0.837427349078175,0.746369224529315,10,11,1,1,10,12,10,4,1.07843683171524,27.6818328444758
1,2278,1,1,0.866428339932693,0.760627419802037,10,11,1,1,11,12,10,4,1.4142135623731,45
1,2279,0.998,0.667,0.713413644207447,0.682718422373393,10,11,1,1,10,13,10,4,1.20037202566538,33.7562594784096
1,2280,1,1,0.769393943276662,0.704891697697677,10,11,1,1,11,13,10,4,1.4142135623731,45
1,2282,1,0.75,0.618384391517802,0.643647280723171,10,11,1,1,10,14,10,4,1.25,36.869897645844
1,2283,1,1,0.673990731500697,0.666492772242385,10,11,1,1,11,14,10,4,1.4142135623731,45
1,2286,1,0.8,0.545711999457291,0.615438747709486,10,11,1,1,10,15,10,4,1.28062484748657,38.6598082540901
1,2287,1,1,0.585952088866249,0.631720713631389,10,11,1,1,11,15,10,4,1.4142135623731,45
1,2291,1,0.834,0.460923082911511,0.581369842197252,10,11,1,1,10,16,10,4,1.30213516963486,39.8281063042843
1,2292,1,1,0.483303714644533,0.590609514526777,10,11,1,1,11,16,10,4,1.4142135623731,45
1,2297,1,0.857,0.393638194820501,0.5543461551756,10,11,1,1,10,17,10,4,1.31698481388359,40.5965758359628
1,2298,1,1,0.412161353020521,0.562341308725522,10,11,1,1,11,17,10,4,1.4142135623731,45
1,2304,1,0.876,0.349553183845391,0.536663533116557,10,11,1,1,10,18,10,4,1.32942694421318,41.2183597954253
1,2305,1,1,0.366024354851205,0.544206926111497,10,11,1,1,11,18,10,4,1.4142135623731,45
1,2312,1,0.889,0.323371090193588,0.527330066639176,10,11,1,1,10,19,10,4,1.33802877398059,41.6370954301303
1,2313,1,1,0.337008966102659,0.534597769143273,10,11,1,1,11,19,10,4,1.4142135623731,45
1,2321,1,0.901,0.302260637856929,0.521008316429335,10,11,1,1,10,20,10,4,1.34603157466681,42.0188518871078
1,2322,1,1,0.313104134658192,0.527407036950857,10,11,1,1,11,20,10,4,1.4142135623731,45
1,2331,1,0.91,0.287031344689999,0.515496580760654,10,11,1,1,10,21,10,4,1.35207248326412,42.3021943666837
1,2332,1,1,0.296634966651346,0.521007556482633,10,11,1,1,11,21,10,4,1.4142135623731,45
1,2342,1,0.917,0.274976221029068,0.509056589112988,10,11,1,1,10,22,10,4,1.35679364680116,42.5208234584756
1,2343,1,1,0.283518447088667,0.513230445265583,10,11,1,1,11,22,10,4,1.4142135623731,45
1,2354,1,0.924,0.264952995410414,0.501604559916078,10,11,1,1,10,23,10,4,1.36153442850337,42.7379331862422
1,2355,1,1,0.271626525136651,0.504306997635395,10,11,1,1,11,23,10,4,1.4142135623731,45
1,2367,1,0.929,0.2556352855657,0.494323922520535,10,11,1,1,10,24,10,4,1.36493259906854,42.8920866639288
1,2368,1,1,0.259326340069118,0.496016868911033,10,11,1,1,11,24,10,4,1.4142135623731,45
1,2381,1,0.934,0.249005507630052,0.490082199884303,10,11,1,1,10,25,10,4,1.36834060087392,43.0454733751738
1,2382,1,1,0.250944494183969,0.491725515925318,10,11,1,1,11,25,10,4,1.4142135623731,45
1,2396,1,0.938,0.246312843492237,0.489537703096374,10,11,1,1,10,26,10,4,1.37107403155337,43.1676330404667
1,2397,1,1,0.248529949148898,0.491824993579523,10,11,1,1,11,26,10,4,1.4142135623731,45
1,2412,1,0.942,0.249000266211531,0.492291984629322,10,11,1,1,10,27,10,4,1.37381367004409,43.2893060391034
1,2413,1,1,0.252702492246087,0.49561180360058,10,11,1,1,11,27,10,4,1.4142135623731,45
1,2429,1,0.945,0.25712773964487,0.497687417653261,10,11,1,1,10,28,10,4,1.37587245048369,43.3802425027447
1,2430,1,1,0.262467705129127,0.502138767664895,10,11,1,1,11,28,10,4,1.4142135623731,45
1,2447,1,0.948,0.267399714407405,0.504465943735029,10,11,1,1,10,29,10,4,1.37793468640571,43.4709070006888
1,2448,1,1,0.273794717252527,0.509851223321171,10,11,1,1,11,29,10,4,1.4142135623731,45
1,2466,1,0.951,0.277612257918676,0.511741172873935,10,11,1,1,10,30,10,4,1.38000036231879,43.5613002991642
1,2467,1,1,0.284830193840483,0.51772239370178,10,11,1,1,11,30,10,4,1.4142135623731,45
1,2486,1,0.953,0.288167475035831,0.518655406453378,10,11,1,1,10,31,10,4,1.38137938308055,43.621412210535
1,2487,1,1,0.295851872773776,0.524785167699933,10,11,1,1,11,31,10,4,1.4142135623731,45
1,2507,1,0.955,0.29790054356361,0.524614196524677,10,11,1,1,10,32,10,4,1.38275992131678,43.6814041571714
1,2508,1,1,0.305348911741024,0.530460353321032,10,11,1,1,11,32,10,4,1.4142135623731,45
1,2529,1,0.957,0.307357259014715,0.529613205875633,10,11,1,1,10,33,10,4,1.38414197248693,43.7412763666856
1,2530,1,1,0.314484815442884,0.53489458779447,10,11,1,1,11,33,10,4,1.4142135623731,45
1,2552,1,0.959,0.319077019623056,0.534564796916494,10,11,1,1,10,34,10,4,1.38552553206356,43.8010290668278
1,2553,1,1,0.326028561227556,0.539268909759468,10,11,1,1,11,34,10,4,1.4142135623731,45
1,2576,1,0.961,0.334836514918071,0.540652433433823,10,11,1,1,10,35,10,4,1.38691059553239,43.86066248548
1,2577,1,1,0.341894476606764,0.544963073677939,10,11,1,1,11,35,10,4,1.4142135623731,45
1,2601,0.525,0,0.900776727895015,0.865419184687464,10,11,1,1,10,11,1,7,0.525,0
1,2602,0.237,0.501,0.957995076394449,0.944256333873589,10,11,1,1,10,12,1,7,0.554229194467415,64.683327546441
1,2603,1,1,0.866555591456908,0.773473037829892,10,11,1,1,11,12,1,7,1.4142135623731,45
1,2604,0.144,0.667,0.953236203105215,0.90772804291895,10,11,1,1,10,13,1,7,0.682367203197809,77.8172760839486
1,2605,1,1,0.83306099001543,0.732625594657176,10,11,1,1,11,13,1,7,1.4142135623731,45
1,2607,0.205,0.75,0.89145385228725,0.845962749415944,10,11,1,1,10,14,1,7,0.777512057784315,74.7125655758832
1,2608,1,1,0.752555206136943,0.69700486584509,10,11,1,1,11,14,1,7,1.4142135623731,45
1,2611,0.281,0.8,0.817736515005395,0.793482845656544,10,11,1,1,10,15,1,7,0.847915679770106,70.6461749019245
1,2612,1,1,0.680250586381422,0.666842750512687,10,11,1,1,11,15,1,7,1.4142135623731,45
1,2616,0.356,0.834,0.74699747087928,0.750245176946018,10,11,1,1,10,16,1,7,0.906803175997967,66.8843746463115
1,2617,1,1,0.617566080288432,0.641596806572405,10,11,1,1,11,16,1,7,1.4142135623731,45
1,2622,0.414,0.857,0.682156538291425,0.714389072922902,10,11,1,1,10,17,1,7,0.951758898040885,64.2157170353339
1,2623,1,1,0.563427627001039,0.620166248876644,10,11,1,1,11,17,1,7,1.4142135623731,45
1,2629,0.461,0.876,0.623673987587568,0.684160713307621,10,11,1,1,10,18,1,7,0.989897469438123,62.244155163477
1,2630,1,1,0.516101065029371,0.601534800595683,10,11,1,1,11,18,1,7,1.4142135623731,45
1,2637,0.5,0.889,0.571221888803313,0.658268924917602,10,11,1,1,10,19,1,7,1.01996127377465,60.6453064753383
1,2638,1,1,0.474459339511504,0.585096958415911,10,11,1,1,11,19,1,7,1.4142135623731,45
1,2646,0.533,0.901,0.524601866573203,0.63586499472085,10,11,1,1,10,20,1,7,1.04684764889644,59.3929294926923
1,2647,1,1,0.43791911346531,0.570564874445113,10,11,1,1,11,20,1,7,1.4142135623731,45
1,2656,0.562,0.91,0.483452074109981,0.616407741495495,10,11,1,1,10,21,1,7,1.06955317773358,58.3012513365058
1,2657,1,1,0.406089043250123,0.557805056044437,10,11,1,1,11,21,1,7,1.4142135623731,45
1,2667,0.588,0.917,0.447446069488501,0.599516859669689,10,11,1,1,10,22,1,7,1.08932685636589,57.3311394659881
1,2668,1,1,0.378760974971962,0.546704043359234,10,11,1,1,11,22,1,7,1.4142135623731,45
1,2679,0.61,0.924,0.416275827198189,0.584871923482108,10,11,1,1,10,23,1,7,1.1071928467977,56.5682784264135
1,2680,1,1,0.355582812589677,0.537104427627664,10,11,1,1,11,23,1,7,1.4142135623731,45
1,2692,0.63,0.929,0.389466780558572,0.572171152078578,10,11,1,1,10,24,1,7,1.12247093503574,55.8568989343217
1,2693,1,1,0.335981437362497,0.528811566384952,10,11,1,1,11,24,1,7,1.4142135623731,45
1,2706,0.648,0.934,0.366470041201055,0.561133692199629,10,11,1,1,10,25,1,7,1.13677614331055,55.2474678281482
1,2707,1,1,0.319397130830353,0.521629424800672,10,11,1,1,11,25,1,7,1.4142135623731,45
1,2721,0.664,0.938,0.346737124103902,0.551512407902199,10,11,1,1,10,26,1,7,1.14923452784886,54.7057379739293
1,2722,1,1,0.305290058774199,0.515386337818972,10,11,1,1,11,26,1,7,1.4142135623731,45
1,2737,0.678,0.942,0.329815080353407,0.543102269093769,10,11,1,1,10,27,1,7,1.16062397011263,54.2557277445522
1,2738,1,1,0.293227955459003,0.509945848435882,10,11,1,1,11,27,1,7,1.4142135623731,45
1,2754,0.692,0.945,0.315259433878077,0.535738503735492,10,11,1,1,10,28,1,7,1.1712766539123,53.7856094813968
1,2755,1,1,0.282903133782888,0.50520327832518,10,11,1,1,11,28,1,7,1.4142135623731,45
1,2772,0.704,0.948,0.302753631044371,0.529287645496956,10,11,1,1,10,29,1,7,1.18081327905812,53.4018282685908
1,2773,1,1,0.274106878512205,0.501075511323246,10,11,1,1,11,29,1,7,1.4142135623731,45
1,2791,0.715,0.951,0.292040866161597,0.523638043540138,10,11,1,1,10,30,1,7,1.18980082366756,53.0626842550652
1,2792,1,1,0.26666639512435,0.497492099123775,10,11,1,1,11,30,1,7,1.4142135623731,45
1,2811,0.726,0.953,0.282925964166855,0.518693393505287,10,11,1,1,10,31,1,7,1.19803380586693,52.6996747122747
1,2812,1,1,0.260413667381553,0.494390648725005,10,11,1,1,11,31,1,7,1.4142135623731,45
1,2832,0.736,0.955,0.275177548861141,0.514369396274249,10,11,1,1,10,32,1,7,1.20570352906508,52.3792550636425
1,2833,1,1,0.255196934091995,0.491715405787057,10,11,1,1,11,32,1,7,1.4142135623731,45
1,2854,0.745,0.957,0.268609933441687,0.510592097506428,10,11,1,1,10,33,1,7,1.21279594326498,52.1001555841127
1,2855,1,1,0.250874972766422,0.489416924304603,10,11,1,1,11,33,1,7,1.4142135623731,45
1,2877,0.753,0.959,0.263072504858974,0.507296770198183,10,11,1,1,10,34,1,7,1.2192989789219,51.861248259132
1,2878,1,1,0.247302634847236,0.487451705309601,10,11,1,1,11,34,1,7,1.4142135623731,45
1,2901,0.761,0.961,0.258415755691134,0.504426921077681,10,11,1,1,10,35,1,7,1.2258229888528,51.6248798605647
1,2902,1,1,0.244377517243697,0.485781656969231,10,11,1,1,11,35,1,7,1.4142135623731,45
1,2926,0.261,0,0.932549058052299,0.904589301329961,10,11,1,1,10,11,4,7,0.261,0
1,2927,0.374,0.501,0.936494266916621,0.882329039963389,10,11,1,1,10,12,4,7,0.625201567496436,53.258403629338
1,2928,1,1,0.866432815938847,0.761289133122138,10,11,1,1,11,12,4,7,1.4142135623731,45
1,2929,0.671,0.667,0.80772175539274,0.770407903985313,10,11,1,1,10,13,4,7,0.94611310106139,44.8287126791522
1,2930,1,1,0.776164930015221,0.707158980281827,10,11,1,1,11,13,4,7,1.4142135623731,45
1,2932,0.817,0.75,0.690173569807528,0.69887573297677,10,11,1,1,10,14,4,7,1.10904869144686,42.5517035865274
1,2933,1,1,0.672817257584207,0.664048524092199,10,11,1,1,11,14,4,7,1.4142135623731,45
1,2936,0.893,0.8,0.594736531446729,0.650377474130939,10,11,1,1,10,15,4,7,1.1989366121693,41.8557840938481
1,2937,1,1,0.58955687965757,0.63112987122556,10,11,1,1,11,15,4,7,1.4142135623731,45
1,2941,0.935,0.834,0.521352146110724,0.615970044275204,10,11,1,1,10,16,4,7,1.25290901505257,41.7322792313539
1,2942,1,1,0.523096152123251,0.605267851925274,10,11,1,1,11,16,4,7,1.4142135623731,45
1,2947,0.959,0.857,0.462110513838864,0.589175570364612,10,11,1,1,10,17,4,7,1.28612985347515,41.7852227789416
1,2948,1,1,0.463889606369733,0.581939975343333,10,11,1,1,11,17,4,7,1.4142135623731,45
1,2954,0.973,0.876,0.411674815956943,0.566761892017724,10,11,1,1,10,18,4,7,1.30923832818933,41.9969710592819
1,2955,1,1,0.411142738280418,0.560787159709996,10,11,1,1,11,18,4,7,1.4142135623731,45
1,2962,0.982,0.889,0.369164338241071,0.547926314831795,10,11,1,1,10,19,4,7,1.32463013705713,42.1543957110722
1,2963,1,1,0.367309992539491,0.542872732253325,10,11,1,1,11,19,4,7,1.4142135623731,45
1,2971,0.987,0.901,0.335247448729871,0.53267825144121,10,11,1,1,10,20,4,7,1.33640188566164,42.3919314999329
1,2972,1,1,0.333697671606477,0.528799107457297,10,11,1,1,11,20,4,7,1.4142135623731,45
1,2981,0.991,0.91,0.30972172375763,0.520869243964662,10,11,1,1,10,21,4,7,1.34542967114599,42.5601511935001
1,2982,1,1,0.309269661907922,0.518296165788633,10,11,1,1,11,21,4,7,1.4142135623731,45
1,2992,0.993,0.917,0.290595030792304,0.511857801876339,10,11,1,1,10,22,4,7,1.35164270426766,42.7213700055943
1,2993,1,1,0.291123096726829,0.510429097255597,10,11,1,1,11,22,4,7,1.4142135623731,45
1,3004,0.995,0.924,0.275866014601593,0.504857005929854,10,11,1,1,10,23,4,7,1.35786634099237,42.8811122140657
1,3005,1,1,0.276877587525821,0.504292048950419,10,11,1,1,11,23,4,7,1.4142135623731,45
1,3017,0.996,0.929,0.264078335612167,0.499248075344321,10,11,1,1,10,24,4,7,1.36200477238518,43.0066139030309
1,3018,1,1,0.265397274359856,0.49927801127184,10,11,1,1,11,24,4,7,1.4142135623731,45
1,3031,0.997,0.934,0.254613156442378,0.494633269892738,10,11,1,1,10,25,4,7,1.36614969897153,43.1313546380062
1,3032,1,1,0.256128373763069,0.495045113446994,10,11,1,1,11,25,4,7,1.4142135623731,45
1,3046,0.998,0.938,0.247121344455415,0.490798516416766,10,11,1,1,10,26,4,7,1.36961600457939,43.224872537788
1,3047,1,1,0.248797501020586,0.491444223439052,10,11,1,1,11,26,4,7,1.4142135623731,45
1,3062,0.998,0.942,0.241426623881387,0.487648741529718,10,11,1,1,10,27,4,7,1.37235855373149,43.3465603479121
1,3063,1,1,0.243303025947012,0.488439189535428,10,11,1,1,11,27,4,7,1.4142135623731,45
1,3079,0.998,0.945,0.237340056536457,0.485121332372344,10,11,1,1,10,28,4,7,1.3744195138312,43.437507206925
1,3080,1,1,0.239456746606353,0.48600673080443,10,11,1,1,11,28,4,7,1.4142135623731,45
1,3097,0.999,0.948,0.234651163179553,0.483153947477983,10,11,1,1,10,29,4,7,1.37720913444546,43.4995291643456
1,3098,1,1,0.237113325785862,0.484113856858366,10,11,1,1,11,29,4,7,1.4142135623731,45
1,3116,0.999,0.951,0.233211726834284,0.481694231285755,10,11,1,1,10,30,4,7,1.37927589698363,43.5899271002339
1,3117,1,1,0.235994316576248,0.482732372100173,10,11,1,1,11,30,4,7,1.4142135623731,45
1,3136,0.999,0.953,0.232656033194147,0.480701471311558,10,11,1,1,10,31,4,7,1.38065564135305,43.6500419377078
1,3137,1,1,0.235564707716719,0.481836895136518,10,11,1,1,11,31,4,7,1.4142135623731,45
1,3157,0.999,0.955,0.232742438388724,0.480138881567395,10,11,1,1,10,32,4,7,1.38203690254638,43.7100366789229
1,3158,1,1,0.235887178583338,0.481395976426084,10,11,1,1,11,32,4,7,1.4142135623731,45
1,3179,0.999,0.957,0.233516117615591,0.479966908540362,10,11,1,1,10,33,4,7,1.38341967602026,43.7699115522427
1,3180,1,1,0.236947034246219,0.481368340996296,10,11,1,1,11,33,4,7,1.4142135623731,45
1,3202,1,0.959,0.234909755813803,0.480143818741996,10,11,1,1,10,34,4,7,1.38552553206356,43.8010290668278
1,3203,1,1,0.238625714340345,0.48170778480929,10,11,1,1,11,34,4,7,1.4142135623731,45
1,3226,1,0.961,0.236843464449288,0.480631778356872,10,11,1,1,10,35,4,7,1.38691059553239,43.86066248548
1,3227,1,1,0.240795384216785,0.482372256983398,10,11,1,1,11,35,4,7,1.4142135623731,45
1,3251,0.261,0,0.934629439121604,0.909674089375249,10,11,1,1,10,11,7,7,0.261,0
1,3252,0.687,0.501,0.888256636667525,0.811907596327755,10,11,1,1,10,12,7,7,0.850276425640509,36.1016869355374
1,3253,1,1,0.866432133311285,0.76127748462999,10,11,1,1,11,12,7,7,1.4142135623731,45
1,3254,0.916,0.667,0.750850757113987,0.714043937279198,10,11,1,1,10,13,7,7,1.13311296877231,36.0608318562302
1,3255,1,1,0.774917930552772,0.706828875817236,10,11,1,1,11,13,7,7,1.4142135623731,45
1,3257,0.977,0.75,0.640496915287754,0.65830193711186,10,11,1,1,10,14,7,7,1.23167731163645,37.5118663609965
1,3258,1,1,0.667813616980298,0.662615578555559,10,11,1,1,11,14,7,7,1.4142135623731,45
1,3261,0.993,0.8,0.55881023379757,0.622425614207743,10,11,1,1,10,15,7,7,1.27516626366917,38.8562902550305
1,3262,1,1,0.589156827195929,0.632049179470859,10,11,1,1,11,15,7,7,1.4142135623731,45
1,3266,0.998,0.834,0.495188208194449,0.596068021534864,10,11,1,1,10,16,7,7,1.30059986160233,39.8845374641193
1,3267,1,1,0.518029977569794,0.604235218073199,10,11,1,1,11,16,7,7,1.4142135623731,45
1,3272,0.999,0.857,0.436165466423854,0.571848408319166,10,11,1,1,10,17,7,7,1.31622566454237,40.6249022990097
1,3273,1,1,0.447653602536024,0.576007912920978,10,11,1,1,11,17,7,7,1.4142135623731,45
1,3279,1,0.876,0.383639224945653,0.550185487034039,10,11,1,1,10,18,7,7,1.32942694421318,41.2183597954253
1,3280,1,1,0.389506323248461,0.552453089258702,10,11,1,1,11,18,7,7,1.4142135623731,45
1,3287,1,0.889,0.342591930150211,0.532985427327334,10,11,1,1,10,19,7,7,1.33802877398059,41.6370954301303
1,3288,1,1,0.347485596025237,0.535224791563808,10,11,1,1,11,19,7,7,1.4142135623731,45
1,3296,1,0.901,0.314090998366889,0.520852819409786,10,11,1,1,10,20,7,7,1.34603157466681,42.0188518871078
1,3297,1,1,0.320034712131062,0.523849616253152,10,11,1,1,11,20,7,7,1.4142135623731,45
1,3306,1,0.91,0.294622576622151,0.512655515328083,10,11,1,1,10,21,7,7,1.35207248326412,42.3021943666837
1,3307,1,1,0.300275870825144,0.516219527890323,10,11,1,1,11,21,7,7,1.4142135623731,45
1,3317,1,0.917,0.279557437066565,0.506713783087265,10,11,1,1,10,22,7,7,1.35679364680116,42.5208234584756
1,3318,1,1,0.284571225133652,0.510430620629968,10,11,1,1,11,22,7,7,1.4142135623731,45
1,3329,1,0.924,0.267485655072157,0.501907536726922,10,11,1,1,10,23,7,7,1.36153442850337,42.7379331862422
1,3330,1,1,0.272067782727943,0.505444064733293,10,11,1,1,11,23,7,7,1.4142135623731,45
1,3342,1,0.929,0.257850496694661,0.49767020521486,10,11,1,1,10,24,7,7,1.36493259906854,42.8920866639288
1,3343,1,1,0.261875139195272,0.500791535617591,10,11,1,1,11,24,7,7,1.4142135623731,45
1,3356,1,0.934,0.250186739129246,0.493775883472717,10,11,1,1,10,25,7,7,1.36834060087392,43.0454733751738
1,3357,1,1,0.25392365493376,0.496340547495625,10,11,1,1,11,25,7,7,1.4142135623731,45
1,3371,1,0.938,0.244683253123062,0.490302394943594,10,11,1,1,10,26,7,7,1.37107403155337,43.1676330404667
1,3372,1,1,0.24830181180578,0.492326329243652,10,11,1,1,11,26,7,7,1.4142135623731,45
1,3387,1,0.942,0.241467838656082,0.487453808669382,10,11,1,1,10,27,7,7,1.37381367004409,43.2893060391034
1,3388,1,1,0.245166273832225,0.489082095254549,10,11,1,1,11,27,7,7,1.4142135623731,45
1,3404,1,0.945,0.240169155262111,0.485365000772858,10,11,1,1,10,28,7,7,1.37587245048369,43.3802425027447
1,3405,1,1,0.243470031929623,0.486804249083586,10,11,1,1,11,28,7,7,1.4142135623731,45
1,3422,1,0.948,0.239646530165393,0.484126782859113,10,11,1,1,10,29,7,7,1.37793468640571,43.4709070006888
1,3423,1,1,0.242705663457884,0.485597095236318,10,11,1,1,11,29,7,7,1.4142135623731,45
1,3441,1,0.951,0.240307787821607,0.483777095956852,10,11,1,1,10,30,7,7,1.38000036231879,43.5613002991642
1,3442,1,1,0.243265469416697,0.485467135818648,10,11,1,1,11,30,7,7,1.4142135623731,45
1,3461,1,0.953,0.242029479936126,0.484274249051135,10,11,1,1,10,31,7,7,1.38137938308055,43.621412210535
1,3462,1,1,0.245072052883909,0.486314171492173,10,11,1,1,11,31,7,7,1.4142135623731,45
1,3482,1,0.955,0.244867445181388,0.485518845866876,10,11,1,1,10,32,7,7,1.38275992131678,43.6814041571714
1,3483,1,1,0.24825796595028,0.487981448084947,10,11,1,1,11,32,7,7,1.4142135623731,45
1,3504,1,0.957,0.248710442337124,0.487384284022994,10,11,1,1,10,33,7,7,1.38414197248693,43.7412763666856
1,3505,1,1,0.252568016333465,0.490294117540386,10,11,1,1,11,33,7,7,1.4142135623731,45
1,3527,1,0.959,0.253244562946545,0.489745801779676,10,11,1,1,10,34,7,7,1.38552553206356,43.8010290668278
1,3528,1,1,0.257430390020492,0.493090720481652,10,11,1,1,11,34,7,7,1.4142135623731,45
1,3551,1,0.961,0.258068010882437,0.492510594157403,10,11,1,1,10,35,7,7,1.38691059553239,43.86066248548
1,3552,1,1,0.262682112434219,0.496258188614369,10,11,1,1,11,35,7,7,1.4142135623731,45
1,3576,0.289,0,0.92956001717487,0.901517304666941,10,11,1,1,10,11,10,7,0.289,0
1,3577,0.854,0.501,0.868149802733419,0.776205462123548,10,11,1,1,10,12,10,7,0.990109589893967,30.3980622115816
1,3578,1,1,0.866456678313702,0.76357623013044,10,11,1,1,11,12,10,7,1.4142135623731,45
1,3579,0.985,0.667,0.739914558192624,0.697571969430491,10,11,1,1,10,13,10,7,1.18958564214604,34.1041822931214
1,3580,1,1,0.784670490851759,0.711344893399702,10,11,1,1,11,13,10,7,1.4142135623731,45
1,3582,0.998,0.75,0.638671703070277,0.65209202925135,10,11,1,1,10,14,10,7,1.24840057673809,36.9249720725022
1,3583,1,1,0.68043646428796,0.668259879718061,10,11,1,1,11,14,10,7,1.4142135623731,45
1,3586,1,0.8,0.565504057632358,0.622879169525789,10,11,1,1,10,15,10,7,1.28062484748657,38.6598082540901
1,3587,1,1,0.605303499239319,0.639211114424469,10,11,1,1,11,15,10,7,1.4142135623731,45
1,3591,1,0.834,0.499871316350963,0.597027326154773,10,11,1,1,10,16,10,7,1.30213516963486,39.8281063042843
1,3592,1,1,0.522752971705269,0.606355331787311,10,11,1,1,11,16,10,7,1.4142135623731,45
1,3597,1,0.857,0.4326018424726,0.569920445354005,10,11,1,1,10,17,10,7,1.31698481388359,40.5965758359628
1,3598,1,1,0.444084665661956,0.574779137258947,10,11,1,1,11,17,10,7,1.4142135623731,45
1,3604,1,0.876,0.377568296820647,0.54757219227722,10,11,1,1,10,18,10,7,1.32942694421318,41.2183597954253
1,3605,1,1,0.387032153584612,0.551899288676613,10,11,1,1,11,18,10,7,1.4142135623731,45
1,3612,1,0.889,0.339456426306528,0.532001373447516,10,11,1,1,10,19,10,7,1.33802877398059,41.6370954301303
1,3613,1,1,0.349625490613395,0.5369373619534,10,11,1,1,11,19,10,7,1.4142135623731,45
1,3621,1,0.901,0.315611414499617,0.522510432318744,10,11,1,1,10,20,10,7,1.34603157466681,42.0188518871078
1,3622,1,1,0.325109008025714,0.52798051024481,10,11,1,1,11,20,10,7,1.4142135623731,45
1,3631,1,0.91,0.297288784416458,0.516235464009987,10,11,1,1,10,21,10,7,1.35207248326412,42.3021943666837
1,3632,1,1,0.305226441605503,0.521548597977747,10,11,1,1,11,21,10,7,1.4142135623731,45
1,3642,1,0.917,0.282859306198984,0.511195633358855,10,11,1,1,10,22,10,7,1.35679364680116,42.5208234584756
1,3643,1,1,0.289766317893116,0.515977699626072,10,11,1,1,11,22,10,7,1.4142135623731,45
1,3654,1,0.924,0.271207661909247,0.50638751835627,10,11,1,1,10,23,10,7,1.36153442850337,42.7379331862422
1,3655,1,1,0.277325502379051,0.510336281363057,10,11,1,1,11,23,10,7,1.4142135623731,45
1,3667,1,0.929,0.261949179232829,0.501397483605559,10,11,1,1,10,24,10,7,1.36493259906854,42.8920866639288
1,3668,1,1,0.267505347206251,0.504285790276453,10,11,1,1,11,24,10,7,1.4142135623731,45
1,3681,1,0.934,0.254863819020176,0.496307661954414,10,11,1,1,10,25,10,7,1.36834060087392,43.0454733751738
1,3682,1,1,0.259687932030717,0.498173167303677,10,11,1,1,11,25,10,7,1.4142135623731,45
1,3696,1,0.938,0.25031509833821,0.491879760779897,10,11,1,1,10,26,10,7,1.37107403155337,43.1676330404667
1,3697,1,1,0.254009225533266,0.49313927759256,10,11,1,1,11,26,10,7,1.4142135623731,45
1,3712,1,0.942,0.247323893887633,0.488805735066677,10,11,1,1,10,27,10,7,1.37381367004409,43.2893060391034
1,3713,1,1,0.249411592764157,0.489987555226723,10,11,1,1,11,27,10,7,1.4142135623731,45
1,3729,1,0.945,0.245376678146037,0.487414019518568,10,11,1,1,10,28,10,7,1.37587245048369,43.3802425027447
1,3730,1,1,0.247046982173636,0.488977353696417,10,11,1,1,11,28,10,7,1.4142135623731,45
1,3747,1,0.948,0.245556185640565,0.48779347919187,10,11,1,1,10,29,10,7,1.37793468640571,43.4709070006888
1,3748,1,1,0.247640149566103,0.490062502013665,10,11,1,1,11,29,10,7,1.4142135623731,45
1,3766,1,0.951,0.248223188033269,0.489779067054152,10,11,1,1,10,30,10,7,1.38000036231879,43.5613002991642
1,3767,1,1,0.251720845432077,0.492907545008281,10,11,1,1,11,30,10,7,1.4142135623731,45
1,3786,1,0.953,0.25359833213839,0.493040140495307,10,11,1,1,10,31,10,7,1.38137938308055,43.621412210535
1,3787,1,1,0.258371293367286,0.497041373612751,10,11,1,1,11,31,10,7,1.4142135623731,45
1,3807,1,0.955,0.260344133620299,0.497208553088317,10,11,1,1,10,32,10,7,1.38275992131678,43.6814041571714
1,3808,1,1,0.265773165509898,0.501989254377137,10,11,1,1,11,32,10,7,1.4142135623731,45
1,3829,1,0.957,0.267279603708605,0.501915663335317,10,11,1,1,10,33,10,7,1.38414197248693,43.7412763666856
1,3830,1,1,0.273509440928616,0.507299796816363,10,11,1,1,11,33,10,7,1.4142135623731,45
1,3852,1,0.959,0.27501777857411,0.506852276485264,10,11,1,1,10,34,10,7,1.38552553206356,43.8010290668278
1,3853,1,1,0.281836537781415,0.512617999341688,10,11,1,1,11,34,10,7,1.4142135623731,45
1,3876,1,0.961,0.28308279019336,0.511868607618342,10,11,1,1,10,35,10,7,1.38691059553239,43.86066248548
1,3877,1,1,0.290382205579241,0.517807304533177,10,11,1,1,11,35,10,7,1.4142135623731,45
1,3901,0.606,0,0.889391120341417,0.848899352330877,10,11,1,1,10,11,1,10,0.606,0
1,3902,0.363,0.501,0.930538317264327,0.915670346500932,10,11,1,1,10,12,1,10,0.618684087398407,54.0747580210087
1,3903,1,1,0.866653570526463,0.78364737022935,10,11,1,1,11,12,1,10,1.4142135623731,45
1,3904,0.2,0.667,0.969792481504314,0.940031251588898,10,11,1,1,10,13,1,10,0.696339715943303,73.3086368910616
1,3905,1,1,0.86632680054389,0.751323878234696,10,11,1,1,11,13,1,10,1.4142135623731,45
1,3907,0.156,0.75,0.948157710156488,0.90152593091622,10,11,1,1,10,14,1,10,0.766052217541337,78.2500164282233
1,3908,1,1,0.808806456228834,0.721635528152336,10,11,1,1,11,14,1,10,1.4142135623731,45
1,3911,0.193,0.8,0.903208693245752,0.855450717347117,10,11,1,1,10,15,1,10,0.822951395891641,76.4365668505391
1,3912,1,1,0.748277329903309,0.695210864475528,10,11,1,1,11,15,1,10,1.4142135623731,45
1,3916,0.244,0.834,0.848982673512849,0.81400956485167,10,11,1,1,10,16,1,10,0.868960298287557,73.6923213552481
1,3917,1,1,0.692761262659741,0.672006133050782,10,11,1,1,11,16,1,10,1.4142135623731,45
1,3922,0.298,0.857,0.793678922099311,0.777980792899565,10,11,1,1,10,17,1,10,0.907332904726815,70.8261782859663
1,3923,1,1,0.642825591151167,0.651732129294879,10,11,1,1,11,17,1,10,1.4142135623731,45
1,3929,0.351,0.876,0.740914069338561,0.74674034432291,10,11,1,1,10,18,1,10,0.943703873044929,68.1647677433662
1,3930,1,1,0.59810831495981,0.633903223039266,10,11,1,1,11,18,1,10,1.4142135623731,45
1,3937,0.394,0.889,0.691513324010215,0.719490559981543,10,11,1,1,10,19,1,10,0.972397552444472,66.0973374415126
1,3938,1,1,0.557898309115948,0.618031616265877,10,11,1,1,11,19,1,10,1.4142135623731,45
1,3946,0.432,0.901,0.645693449913503,0.695520838407553,10,11,1,1,10,20,1,10,0.999212189677448,64.3838073884116
1,3947,1,1,0.521594782090359,0.603747411494765,10,11,1,1,11,20,1,10,1.4142135623731,45
1,3956,0.464,0.91,0.603405062468992,0.674270160309969,10,11,1,1,10,21,1,10,1.02146757168302,62.9834152499734
1,3957,1,1,0.488767387771794,0.590811380365328,10,11,1,1,11,21,1,10,1.4142135623731,45
1,3967,0.493,0.917,0.5646439734736,0.655321467718411,10,11,1,1,10,22,1,10,1.04112343168329,61.736517049132
1,3968,1,1,0.45916166034494,0.579081801325693,10,11,1,1,11,22,1,10,1.4142135623731,45
1,3979,0.518,0.924,0.52932768393038,0.638369230417864,10,11,1,1,10,23,1,10,1.05929221652951,60.7247457227474
1,3980,1,1,0.432508620494772,0.568470072550052,10,11,1,1,11,23,1,10,1.4142135623731,45
1,3992,0.54,0.929,0.497295075067529,0.623181280088847,10,11,1,1,10,24,1,10,1.07454222811391,59.8318400260507
1,3993,1,1,0.408681318164574,0.558905072826933,10,11,1,1,11,24,1,10,1.4142135623731,45
1,4006,0.561,0.934,0.46837083528748,0.609568185109236,10,11,1,1,10,25,1,10,1.08953063288739,59.0091873801313
1,4007,1,1,0.387499618669576,0.550312519247556,10,11,1,1,11,25,1,10,1.4142135623731,45
1,4021,0.579,0.938,0.442400889924343,0.597363758488426,10,11,1,1,10,26,1,10,1.10230894036109,58.3141783606673
1,4022,1,1,0.368763675035221,0.542609147736078,10,11,1,1,11,26,1,10,1.4142135623731,45
1,4037,0.596,0.942,0.419151302529228,0.586416371831564,10,11,1,1,10,27,1,10,1.11471072480711,57.6786105617986
1,4038,1,1,0.352235550131907,0.535706693747865,10,11,1,1,11,27,1,10,1.4142135623731,45
1,4054,0.612,0.945,0.398408261004664,0.576587294710909,10,11,1,1,10,28,1,10,1.12586366847856,57.0721373468359
1,4055,1,1,0.337651525130314,0.52951874054498,10,11,1,1,11,28,1,10,1.4142135623731,45
1,4072,0.626,0.948,0.379916640137729,0.567751729513763,10,11,1,1,10,29,1,10,1.13603697122937,56.5617189467664
1,4073,1,1,0.324806309884459,0.523966182046793,10,11,1,1,11,29,1,10,1.4142135623731,45
1,4091,0.639,0.951,0.363464845415998,0.559799664729824,10,11,1,1,10,30,1,10,1.14574080838556,56.1018877111126
1,4092,1,1,0.31346456257255,0.518979767370358,10,11,1,1,11,30,1,10,1.4142135623731,45
1,4111,0.652,0.953,0.34883499220069,0.552635380328018,10,11,1,1,10,31,1,10,1.15469173375408,55.6218106303095
1,4112,1,1,0.303417678493066,0.514500010217772,10,11,1,1,11,31,1,10,1.4142135623731,45
1,4132,0.663,0.955,0.3358258441724,0.546175854237811,10,11,1,1,10,32,1,10,1.16258074988364,55.2300397052497
1,4133,1,1,0.294525302082935,0.51047577390805,10,11,1,1,11,32,1,10,1.4142135623731,45
1,4154,0.674,0.957,0.324240543505936,0.5403487619316,10,11,1,1,10,33,1,10,1.17052338720762,54.8435676715218
1,4155,1,1,0.286646915154666,0.506862501588989,10,11,1,1,11,33,1,10,1.4142135623731,45
1,4177,0.684,0.959,0.31393459046601,0.535090565904641,10,11,1,1,10,34,1,10,1.17793760445959,54.5019028250977
1,4178,1,1,0.279700857956231,0.503620747741526,10,11,1,1,11,34,1,10,1.4142135623731,45
1,4201,0.693,0.961,0.30477520205654,0.530344968733592,10,11,1,1,10,35,1,10,1.18480800132342,54.2037284127139
1,4202,1,1,0.273597721327291,0.500715169898123,10,11,1,1,11,35,1,10,1.4142135623731,45
1,4226,0.34,0,0.917021424729269,0.882214918840108,10,11,1,1,10,11,4,10,0.34,0
1,4227,0.17,0.501,0.974156858200803,0.933771362080586,10,11,1,1,10,12,4,10,0.52905670773557,71.2568281995847
1,4228,1,1,0.86652709135264,0.770515250488748,10,11,1,1,11,12,4,10,1.4142135623731,45
1,4229,0.511,0.667,0.877328269550104,0.826757934715366,10,11,1,1,10,13,4,10,0.840244012177415,52.5436628196936
1,4230,1,1,0.812790883366481,0.723330455303573,10,11,1,1,11,13,4,10,1.4142135623731,45
1,4232,0.695,0.75,0.772629415384208,0.749519489748464,10,11,1,1,10,14,4,10,1.02250916866305,47.1797559917415
1,4233,1,1,0.721490011102748,0.683969673696614,10,11,1,1,11,14,4,10,1.4142135623731,45
1,4236,0.804,0.8,0.678402388244388,0.694623632471387,10,11,1,1,10,15,4,10,1.13420280373485,44.8571180530127
1,4237,1,1,0.641733571544057,0.65156990451127,10,11,1,1,11,15,4,10,1.4142135623731,45
1,4241,0.87,0.834,0.599627081001312,0.654426062213302,10,11,1,1,10,16,4,10,1.20517882490525,43.7897058310788
1,4242,1,1,0.576382651710494,0.62590142107042,10,11,1,1,11,16,4,10,1.4142135623731,45
1,4247,0.912,0.857,0.53574663158456,0.623983572090501,10,11,1,1,10,17,4,10,1.25147632818204,43.2191898984564
1,4248,1,1,0.521307431770622,0.604445887355804,10,11,1,1,11,17,4,10,1.4142135623731,45
1,4254,0.939,0.876,0.482803597856056,0.599630442139083,10,11,1,1,10,18,4,10,1.28417171748953,43.0120190168938
1,4255,1,1,0.471976589468953,0.585060287161496,10,11,1,1,11,18,4,10,1.4142135623731,45
1,4262,0.957,0.889,0.437503097642626,0.579175217495732,10,11,1,1,10,19,4,10,1.30620442504227,42.8903834227628
1,4263,1,1,0.427457873699323,0.567320036706235,10,11,1,1,11,19,4,10,1.4142135623731,45
1,4271,0.969,0.901,0.398266571874128,0.561650019653164,10,11,1,1,10,20,4,10,1.32316363311572,42.9174347202691
1,4272,1,1,0.388586829546709,0.551610643719733,10,11,1,1,11,20,4,10,1.4142135623731,45
1,4281,0.977,0.91,0.364996652087559,0.546744987371174,10,11,1,1,10,21,4,10,1.3351513022875,42.9665048915555
1,4282,1,1,0.356340934126729,0.5383222025082,10,11,1,1,11,21,4,10,1.4142135623731,45
1,4292,0.982,0.917,0.337716784615169,0.534333941703245,10,11,1,1,10,22,4,10,1.34358215230778,43.0396143948048
1,4293,1,1,0.330822195162629,0.527522717228954,10,11,1,1,11,22,4,10,1.4142135623731,45
1,4304,0.987,0.924,0.315969553348627,0.524193687827155,10,11,1,1,10,23,4,10,1.35201516263687,43.1118119932591
1,4305,1,1,0.310864718625951,0.518910725115439,10,11,1,1,11,23,4,10,1.4142135623731,45
1,4317,0.99,0.929,0.298617212102731,0.515960722736082,10,11,1,1,10,24,4,10,1.35762329090216,43.1793298130674
1,4318,1,1,0.29511050097885,0.512012707719105,10,11,1,1,11,24,4,10,1.4142135623731,45
1,4331,0.992,0.934,0.284639113213017,0.509238426820488,10,11,1,1,10,25,4,10,1.36250504586222,43.2751032164351
1,4332,1,1,0.282273322115286,0.506386433076086,10,11,1,1,11,25,4,10,1.4142135623731,45
1,4346,0.993,0.938,0.273179760925616,0.503684096542484,10,11,1,1,10,26,4,10,1.36597693977607,43.3685053752398
1,4347,1,1,0.271668501985637,0.50169756862041,10,11,1,1,11,26,4,10,1.4142135623731,45
1,4362,0.995,0.942,0.26369310054938,0.499040479470255,10,11,1,1,10,27,4,10,1.37017845553052,43.4326696809475
1,4363,1,1,0.262875938038966,0.497724093446166,10,11,1,1,11,27,4,10,1.4142135623731,45
1,4379,0.996,0.945,0.255876884586495,0.495132464509764,10,11,1,1,10,28,4,10,1.37296795301274,43.4948930539504
1,4380,1,1,0.255652848272689,0.494333242622169,10,11,1,1,11,28,4,10,1.4142135623731,45
1,4397,0.996,0.948,0.249547674404904,0.491844545463545,10,11,1,1,10,29,4,10,1.3750345450206,43.5855767885978
1,4398,1,1,0.249828754636884,0.491447102429073,10,11,1,1,11,29,4,10,1.4142135623731,45
1,4416,0.997,0.951,0.244530685324562,0.489094108366367,10,11,1,1,10,30,4,10,1.37782800087674,43.6472709788236
1,4417,1,1,0.245279724584488,0.489011619609823,10,11,1,1,11,30,4,10,1.4142135623731,45
1,4436,0.998,0.953,0.24067017390412,0.486814490212942,10,11,1,1,10,31,4,10,1.37993224471349,43.6787016889489
1,4437,1,1,0.24181135130649,0.486982448312553,10,11,1,1,11,31,4,10,1.4142135623731,45
1,4457,0.998,0.955,0.237760016822746,0.484950057555566,10,11,1,1,10,32,4,10,1.38131422927587,43.7386991676517
1,4458,1,1,0.239340846132899,0.485323420008448,10,11,1,1,11,32,4,10,1.4142135623731,45
1,4479,0.998,0.957,0.235731987416851,0.483455794682354,10,11,1,1,10,33,4,10,1.3826977254628,43.7985766476522
1,4480,1,1,0.237764940299235,0.484006408671393,10,11,1,1,11,33,4,10,1.4142135623731,45
1,4502,0.999,0.959,0.234488444696618,0.482295822981053,10,11,1,1,10,34,4,10,1.38480395724449,43.829666786166
1,4503,1,1,0.236868557170458,0.483008713633989,10,11,1,1,11,34,4,10,1.4142135623731,45
1,4526,0.999,0.961,0.233805158414527,0.481440449200886,10,11,1,1,10,35,4,10,1.38618974170205,43.8893026093205
1,4527,1,1,0.236456097050529,0.482309496019206,10,11,1,1,11,35,4,10,1.4142135623731,45
1,4551,0.289,0,0.925024565534398,0.894951678622261,10,11,1,1,10,11,7,10,0.289,0
1,4552,0.514,0.501,0.930772700508729,0.859962214071564,10,11,1,1,10,12,7,10,0.717772248000715,44.26620255262
1,4553,1,1,0.866503653664672,0.76829139635736,10,11,1,1,11,12,7,10,1.4142135623731,45
1,4554,0.823,0.667,0.80518422800417,0.751061273583643,10,11,1,1,10,13,7,10,1.05934791263305,39.0230229844634
1,4555,1,1,0.79984042191244,0.717593699429419,10,11,1,1,11,13,7,10,1.4142135623731,45
1,4557,0.937,0.75,0.695000596717856,0.686998940718934,10,11,1,1,10,14,7,10,1.20019540075773,38.6747193219416
1,4558,1,1,0.70216216646528,0.676323133724282,10,11,1,1,11,14,7,10,1.4142135623731,45
1,4561,0.977,0.8,0.60737396493213,0.644900776847562,10,11,1,1,10,15,7,10,1.26274660957771,39.3117543543516
1,4562,1,1,0.621707170967767,0.644372571017195,10,11,1,1,11,15,7,10,1.4142135623731,45
1,4566,0.991,0.834,0.54050672096951,0.615618464205233,10,11,1,1,10,16,7,10,1.29523627188247,40.0830988937185
1,4567,1,1,0.557903381849619,0.619683980082281,10,11,1,1,11,16,7,10,1.4142135623731,45
1,4572,0.996,0.857,0.485450018426387,0.592531195173104,10,11,1,1,10,17,7,10,1.31395015126145,40.7100779820801
1,4573,1,1,0.497080245077722,0.595795173015112,10,11,1,1,11,17,7,10,1.4142135623731,45
1,4579,0.998,0.876,0.435337316003386,0.571797777447769,10,11,1,1,10,18,7,10,1.32792319054981,41.2752214343914
1,4580,1,1,0.439293670447051,0.572624445972633,10,11,1,1,11,18,7,10,1.4142135623731,45
1,4587,0.999,0.889,0.390363752712603,0.553172833998468,10,11,1,1,10,19,7,10,1.33728157094907,41.6655620628898
1,4588,1,1,0.390228112385322,0.55272669521483,10,11,1,1,11,19,7,10,1.4142135623731,45
1,4596,1,0.901,0.353143612487948,0.53754832321054,10,11,1,1,10,20,7,10,1.34603157466681,42.0188518871078
1,4597,1,1,0.352592932742999,0.537246024281291,10,11,1,1,11,20,7,10,1.4142135623731,45
1,4606,1,0.91,0.324842740161488,0.525435613730951,10,11,1,1,10,21,7,10,1.35207248326412,42.3021943666837
1,4607,1,1,0.325839427195808,0.526058642777983,10,11,1,1,11,21,7,10,1.4142135623731,45
1,4617,1,0.917,0.304226115159395,0.516495689399626,10,11,1,1,10,22,7,10,1.35679364680116,42.5208234584756
1,4618,1,1,0.306603336177266,0.518085090554004,10,11,1,1,11,22,7,10,1.4142135623731,45
1,4629,1,0.924,0.288653281060619,0.509846309638277,10,11,1,1,10,23,7,10,1.36153442850337,42.7379331862422
1,4630,1,1,0.291297078571514,0.512089531137056,10,11,1,1,11,23,7,10,1.4142135623731,45
1,4642,1,0.929,0.276141858585126,0.504663761467072,10,11,1,1,10,24,7,10,1.36493259906854,42.8920866639288
1,4643,1,1,0.278785280014277,0.507216434511907,10,11,1,1,11,24,7,10,1.4142135623731,45
1,4656,1,0.934,0.265889811142415,0.500389687651106,10,11,1,1,10,25,7,10,1.36834060087392,43.0454733751738
1,4657,1,1,0.268556150840129,0.502978276389299,10,11,1,1,11,25,7,10,1.4142135623731,45
1,4671,1,0.938,0.257539605088934,0.496704092204875,10,11,1,1,10,26,7,10,1.37107403155337,43.1676330404667
1,4672,1,1,0.260150026018325,0.499134809544096,10,11,1,1,11,26,7,10,1.4142135623731,45
1,4687,1,0.942,0.250889205328268,0.4934644876635,10,11,1,1,10,27,7,10,1.37381367004409,43.2893060391034
1,4688,1,1,0.253470475267988,0.495626704827924,10,11,1,1,11,27,7,10,1.4142135623731,45
1,4704,1,0.945,0.245842628028052,0.490645570871213,10,11,1,1,10,28,7,10,1.37587245048369,43.3802425027447
1,4705,1,1,0.248572713840173,0.492511369048333,10,11,1,1,11,28,7,10,1.4142135623731,45
1,4722,1,0.948,0.242388129787343,0.488263388956137,10,11,1,1,10,29,7,10,1.37793468640571,43.4709070006888
1,4723,1,1,0.245407589878493,0.489869784942597,10,11,1,1,11,29,7,10,1.4142135623731,45
1,4741,1,0.951,0.240402160203721,0.486341977678674,10,11,1,1,10,30,7,10,1.38000036231879,43.5613002991642
1,4742,1,1,0.243731100635713,0.487774931505821,10,11,1,1,11,30,7,10,1.4142135623731,45
1,4761,1,0.953,0.239554125356046,0.484911615442697,10,11,1,1,10,31,7,10,1.38137938308055,43.621412210535
1,4762,1,1,0.242740118014951,0.48628677323418,10,11,1,1,11,31,7,10,1.4142135623731,45
1,4782,1,0.955,0.239293735696815,0.483998989132283,10,11,1,1,10,32,7,10,1.38275992131678,43.6814041571714
1,4783,1,1,0.242550558509515,0.485438144443418,10,11,1,1,11,32,7,10,1.4142135623731,45
1,4804,1,0.957,0.239847551931744,0.483612412643784,10,11,1,1,10,33,7,10,1.38414197248693,43.7412763666856
1,4805,1,1,0.243208119738043,0.48522326400889,10,11,1,1,11,33,7,10,1.4142135623731,45
1,4827,1,0.959,0.241140637169287,0.483735119703006,10,11,1,1,10,34,7,10,1.38552553206356,43.8010290668278
1,4828,1,1,0.244589603353544,0.48560085983737,10,11,1,1,11,34,7,10,1.4142135623731,45
1,4851,1,0.961,0.243065421194922,0.484330255115932,10,11,1,1,10,35,7,10,1.38691059553239,43.86066248548
1,4852,1,1,0.246766460946292,0.486508038622665,10,11,1,1,11,35,7,10,1.4142135623731,45
1,4876,0.297,0,0.924895077174584,0.895866549252364,10,11,1,1,10,11,10,10,0.297,0
1,4877,0.726,0.501,0.901035503060754,0.811833262389844,10,11,1,1,10,12,10,10,0.88208673042961,34.6088833325894
1,4878,1,1,0.86650714242312,0.768692826351508,10,11,1,1,11,12,10,10,1.4142135623731,45
1,4879,0.95,0.667,0.775151204768836,0.718941764743499,10,11,1,1,10,13,10,10,1.1607708645551,35.0728949835973
1,4880,1,1,0.801903839422898,0.718714545276636,10,11,1,1,11,13,10,10,1.4142135623731,45
1,4882,0.992,0.75,0.673468667440484,0.668148172109347,10,11,1,1,10,14,10,10,1.24360926339425,37.0910446191061
1,4883,1,1,0.700939922502158,0.676222758051022,10,11,1,1,11,14,10,10,1.4142135623731,45
1,4886,0.999,0.8,0.594148964251819,0.634374188229514,10,11,1,1,10,15,10,10,1.27984413113473,38.6877744651763
1,4887,1,1,0.626144408592024,0.646937689608984,10,11,1,1,11,15,10,10,1.4142135623731,45
1,4891,1,0.834,0.533302496707595,0.610174416504385,10,11,1,1,10,16,10,10,1.30213516963486,39.8281063042843
1,4892,1,1,0.558936401117208,0.620772833431048,10,11,1,1,11,16,10,10,1.4142135623731,45
1,4897,1,0.857,0.475328667234726,0.587148180978143,10,11,1,1,10,17,10,10,1.31698481388359,40.5965758359628
1,4898,1,1,0.486656076565492,0.591881881691306,10,11,1,1,11,17,10,10,1.4142135623731,45
1,4904,1,0.876,0.419341302177,0.564548295991251,10,11,1,1,10,18,10,10,1.32942694421318,41.2183597954253
1,4905,1,1,0.423297952019576,0.566388207681765,10,11,1,1,11,18,10,10,1.4142135623731,45
1,4912,1,0.889,0.372643853159676,0.545479716876958,10,11,1,1,10,19,10,10,1.33802877398059,41.6370954301303
1,4913,1,1,0.375983090822023,0.54728401378409,10,11,1,1,11,19,10,10,1.4142135623731,45
1,4921,1,0.901,0.338445557927809,0.531371499481017,10,11,1,1,10,20,10,10,1.34603157466681,42.0188518871078
1,4922,1,1,0.343836593956584,0.534245643476846,10,11,1,1,11,20,10,10,1.4142135623731,45
1,4931,1,0.91,0.315556575543531,0.52188288688652,10,11,1,1,10,21,10,10,1.35207248326412,42.3021943666837
1,4932,1,1,0.321820963269309,0.525755367541961,10,11,1,1,11,21,10,10,1.4142135623731,45
1,4942,1,0.917,0.298451859766761,0.515380180654101,10,11,1,1,10,22,10,10,1.35679364680116,42.5208234584756
1,4943,1,1,0.304104054070045,0.519630269987649,10,11,1,1,11,22,10,10,1.4142135623731,45
1,4954,1,0.924,0.284602762760599,0.510402131839272,10,11,1,1,10,23,10,10,1.36153442850337,42.7379331862422
1,4955,1,1,0.28976436502812,0.514535741715325,10,11,1,1,11,23,10,10,1.4142135623731,45
1,4967,1,0.929,0.273387646942438,0.506094414530671,10,11,1,1,10,24,10,10,1.36493259906854,42.8920866639288
1,4968,1,1,0.277998230118429,0.509780651588538,10,11,1,1,11,24,10,10,1.4142135623731,45
1,4981,1,0.934,0.264118177237292,0.502027893857243,10,11,1,1,10,25,10,10,1.36834060087392,43.0454733751738
1,4982,1,1,0.268363525309027,0.505033748854888,10,11,1,1,11,25,10,10,1.4142135623731,45
1,4996,1,0.938,0.256792602792183,0.498052741846488,10,11,1,1,10,26,10,10,1.37107403155337,43.1676330404667
1,4997,1,1,0.260829079133111,0.500270732395477,10,11,1,1,11,26,10,10,1.4142135623731,45
1,5012,1,0.942,0.251450749905667,0.494307136544839,10,11,1,1,10,27,10,10,1.37381367004409,43.2893060391034
1,5013,1,1,0.255412328016642,0.495837208867385,10,11,1,1,11,27,10,10,1.4142135623731,45
1,5029,1,0.945,0.248213779132092,0.491074676107891,10,11,1,1,10,28,10,10,1.37587245048369,43.3802425027447
1,5030,1,1,0.251862033021703,0.492178259071112,10,11,1,1,11,28,10,10,1.4142135623731,45
1,5047,1,0.948,0.246352186301597,0.488610980091625,10,11,1,1,10,29,10,10,1.37793468640571,43.4709070006888
1,5048,1,1,0.248969578618355,0.489617041001352,10,11,1,1,11,29,10,10,1.4142135623731,45
1,5066,1,0.951,0.245065965805748,0.487105834335484,10,11,1,1,10,30,10,10,1.38000036231879,43.5613002991642
1,5067,1,1,0.247161730725124,0.488333403717787,10,11,1,1,11,30,10,10,1.4142135623731,45
1,5086,1,0.953,0.244944025782447,0.486657364311904,10,11,1,1,10,31,10,10,1.38137938308055,43.621412210535
1,5087,1,1,0.246887616832159,0.488360364802269,10,11,1,1,11,31,10,10,1.4142135623731,45
1,5107,1,0.955,0.2459830589382,0.487251925757947,10,11,1,1,10,32,10,10,1.38275992131678,43.6814041571714
1,5108,1,1,0.248437156442401,0.489592226757079,10,11,1,1,11,32,10,10,1.4142135623731,45
1,5129,1,0.957,0.248505994628568,0.48878652918401,10,11,1,1,10,33,10,10,1.38414197248693,43.7412763666856
1,5130,1,1,0.252044273958377,0.49183934418323,10,11,1,1,11,33,10,10,1.4142135623731,45
1,5152,1,0.959,0.252505749575184,0.491109721607626,10,11,1,1,10,34,10,10,1.38552553206356,43.8010290668278
1,5153,1,1,0.257142761463851,0.494878817378118,10,11,1,1,11,34,10,10,1.4142135623731,45
1,5176,1,0.961,0.257496885940581,0.494054719052077,10,11,1,1,10,35,10,10,1.38691059553239,43.86066248548
1,5177,1,1,0.262685333967783,0.498487422147414,10,11,1,1,11,35,10,10,1.4142135623731,45
