spA_par,spB_par,Dissimilarity,Exclusivity,D,I,a_A,b_A,alpha_A,gamma_A,a_B,b_B,alpha_B,gamma_B,ND_magnitude,ND_angle
4274,4274,0,0,1,1,13,20,4,10,13,20,4,10,0,0
4274,4275,0.354,0.143,0.6626143344179896,0.7619668389998383,13,20,4,10,14,20,4,10,0.38179182809484014,21.996481911885123
4274,4276,0.677,0.286,0.33423584481873314,0.5467824126290413,13,20,4,10,15,20,4,10,0.734931969640728,22.901723846323492
4274,4277,0.894,0.429,0.1058941733982447,0.40051905754018224,13,20,4,10,16,20,4,10,0.9916032472718108,25.63475492104478
4274,4278,0.983,0.572,0.014896707758397243,0.3239382310626826,13,20,4,10,17,20,4,10,1.137309544495253,30.194789829614336
4274,4279,0.999,0.715,5.031889733904116e-4,0.297436312557693,13,20,4,10,18,20,4,10,1.2285055962428497,35.591894069805875
4274,4280,1,0.857,4.541005621527816e-7,0.2930127389774583,13,20,4,10,19,20,4,10,1.3169848138835922,40.59657583596283
4274,4281,0.587,0.364,0.44344693058176077,0.6106337817184762,13,20,4,10,10,21,4,10,0.6906989213832608,31.803142960097617
4274,4282,0.401,0.3,0.6207714472850973,0.7164511369630473,13,20,4,10,11,21,4,10,0.5008003594247912,36.80125257543796
4274,4283,0.169,0.222,0.8325238552654739,0.8579841054431984,13,20,4,10,12,21,4,10,0.2790071683666927,52.7193869553909
4274,4284,0.136,0.125,0.8495723753881735,0.8993501742553542,13,20,4,10,13,21,4,10,0.1847187050625897,42.586663567150104
4274,4285,0.467,0.25,0.5565751137434833,0.6976173415840625,13,20,4,10,14,21,4,10,0.5297065225197818,28.161564144837747
4274,4286,0.746,0.375,0.27607820822508744,0.5069942797685217,13,20,4,10,15,21,4,10,0.8349496990837233,26.68780573914979
4274,4287,0.921,0.5,0.08694062048789708,0.3795614392912411,13,20,4,10,16,21,4,10,1.0479699423170494,28.49701146548356
4274,4288,0.988,0.625,0.012598829705623094,0.3162959744506153,13,20,4,10,17,21,4,10,1.1690889615422773,32.317080810503235
4274,4289,1,0.75,4.4630109279564234e-4,0.2957417188213127,13,20,4,10,18,21,4,10,1.25,36.86989764584402
4274,4290,1,0.876,4.300950916524826e-7,0.2929401669721663,13,20,4,10,19,21,4,10,1.3294269442131825,41.218359795425336
4274,4291,1,1,0,0.2928932188134524,13,20,4,10,20,21,4,10,1.4142135623730951,45
4274,4292,0.465,0.416,0.5464693220221933,0.666254430595266,13,20,4,10,10,22,4,10,0.6239238735615107,41.81656795774703
4274,4293,0.283,0.364,0.7068739503899226,0.7652726919775441,13,20,4,10,11,22,4,10,0.4610694090915162,52.13591529864919
4274,4294,0.151,0.3,0.8288187336582263,0.8639226467444119,13,20,4,10,12,22,4,10,0.33585860119996924,63.282363885337766
4274,4295,0.248,0.222,0.7226944061847421,0.814819624722243,13,20,4,10,13,22,4,10,0.3328483138007462,41.83367348099653
4274,4296,0.553,0.333,0.46601143265492095,0.6382650543095465,13,20,4,10,14,22,4,10,0.6455214946072672,31.055088728115688
4274,4297,0.795,0.445,0.22818603838239215,0.4721750024658541,13,20,4,10,15,22,4,10,0.9110707985661708,29.237852236027447
4274,4298,0.938,0.556,0.07167660386946428,0.3628030233706291,13,20,4,10,16,22,4,10,1.0904035950050788,30.657364909802816
4274,4299,0.991,0.667,0.01066899868778537,0.310609297510578,13,20,4,10,17,22,4,10,1.1945584958468967,33.94282182109923
4274,4300,1,0.778,3.9435636953910613e-4,0.29471606737923484,13,20,4,10,18,22,4,10,1.266998026833507,37.88291605856699
4274,4301,1,0.889,4.063022598366217e-7,0.29291538458144406,13,20,4,10,19,22,4,10,1.3380287739805896,41.63709543013025
4274,4302,1,1,0,0.2928932188134524,13,20,4,10,20,22,4,10,1.4142135623730951,45
4274,4304,0.364,0.462,0.6152023427801518,0.705436259968578,13,20,4,10,10,23,4,10,0.5881666430528002,51.76617482255306
4274,4305,0.233,0.416,0.7296556382783552,0.785139100153829,13,20,4,10,11,23,4,10,0.4768070888734772,60.746979857318436
4274,4306,0.183,0.364,0.764600931237047,0.8264236983008825,13,20,4,10,12,23,4,10,0.4074125673073917,63.309162461861256
4274,4307,0.341,0.3,0.6170222124856889,0.744826490379622,13,20,4,10,13,23,4,10,0.4541816817089831,41.3402009183146
4274,4308,0.62,0.4,0.3913164048867761,0.5882690156662325,13,20,4,10,14,23,4,10,0.7378346698278687,32.82854179141253
4274,4309,0.831,0.5,0.1897879474939851,0.44358752870643803,13,20,4,10,15,23,4,10,0.969825241989504,31.03467965351374
4274,4310,0.95,0.6,0.059556144600185434,0.3497463282638704,13,20,4,10,16,23,4,10,1.1236102527122116,32.27564431457763
4274,4311,0.993,0.7,0.009043410596995205,0.30641075875857304,13,20,4,10,17,23,4,10,1.2149275698575615,35.181331255847006
4274,4312,1,0.8,3.4352573942730835e-4,0.29410907656843865,13,20,4,10,18,23,4,10,1.2806248474865698,38.659808254090095
4274,4313,1,0.9,3.8140406366515833e-7,0.2929054004755415,13,20,4,10,19,23,4,10,1.3453624047073711,41.98721249581666
4274,4314,1,1,0,0.2928932188134524,13,20,4,10,20,23,4,10,1.4142135623730951,45
4274,4317,0.306,0.5,0.6442013932421093,0.7264582663365875,13,20,4,10,10,24,4,10,0.5862047423895511,58.53336773691964
4274,4318,0.233,0.462,0.7096219804029333,0.7790893306232818,13,20,4,10,11,24,4,10,0.5174292222130482,63.23686567256188
4274,4319,0.222,0.417,0.6868876195139971,0.777534520643976,13,20,4,10,12,24,4,10,0.47241189654791715,61.97031901771663
4274,4320,0.42,0.364,0.5292901984606877,0.6869398104849325,13,20,4,10,13,24,4,10,0.5557841307558178,40.91438322002513
4274,4321,0.674,0.454,0.33056805574730064,0.5470298574364121,13,20,4,10,14,24,4,10,0.8126450639731961,33.963833672315864
4274,4322,0.859,0.546,0.15896198281859097,0.42035602646130277,13,20,4,10,15,24,4,10,1.0178393782910937,32.44097072356673
4274,4323,0.959,0.637,0.04982313066386013,0.33947539160878204,13,20,4,10,16,24,4,10,1.1512818942378968,33.593447416027594
4274,4324,0.994,0.727,0.007663402496706162,0.3033155190280308,13,20,4,10,17,24,4,10,1.231488936206899,36.181301974656336
4274,4325,1,0.819,2.972472297495532e-4,0.29373954523143064,13,20,4,10,18,24,4,10,1.2925792045364184,39.31747620953449
4274,4326,1,0.909,3.5822514488081936e-7,0.2929006700425596,13,20,4,10,19,24,4,10,1.35139964481274,42.270837050918736
4274,4327,1,1,0,0.2928932188134524,13,20,4,10,20,24,4,10,1.4142135623730951,45
4274,4331,0.284,0.533,0.6433939657068856,0.7308916727429069,13,20,4,10,10,25,4,10,0.6039412223056148,61.94983536924656
4274,4332,0.25,0.5,0.6687041279083603,0.7569318854087975,13,20,4,10,11,25,4,10,0.5590169943749475,63.43494882292201
4274,4333,0.271,0.461,0.6110596044615719,0.7300162923669236,13,20,4,10,12,25,4,10,0.5347541491190134,59.55075235312035
4274,4334,0.486,0.417,0.4563041783629923,0.6387068749511533,13,20,4,10,13,25,4,10,0.640378794152336,40.63040835160096
4274,4335,0.718,0.5,0.2808446341056001,0.5129126439294207,13,20,4,10,14,25,4,10,0.8749422838107666,34.85253636668343
4274,4336,0.88,0.583,0.1336085784311467,0.40134016919275484,13,20,4,10,15,25,4,10,1.0555988821517386,33.52447324857696
4274,4337,0.966,0.667,0.04176361911777304,0.33131116092154933,13,20,4,10,16,25,4,10,1.1739016142760856,34.624155079948956
4274,4338,0.995,0.75,0.006474414587735788,0.3010325660905958,13,20,4,10,17,25,4,10,1.2460036115517483,37.00784869431463
4274,4339,1,0.834,2.579629777702541e-4,0.29350505070723953,13,20,4,10,18,25,4,10,1.3021351696348578,39.82810630428432
4274,4340,1,0.917,3.3689956691063117e-7,0.2928981316912058,13,20,4,10,19,25,4,10,1.3567936468011634,42.52082345847564
4274,4341,1,1,0,0.2928932188134524,13,20,4,10,20,25,4,10,1.4142135623730951,45
4274,4346,0.284,0.563,0.6239768349563455,0.7227888993739254,13,20,4,10,10,26,4,10,0.6305751343020116,63.231773151455634
4274,4347,0.268,0.533,0.6194030972907509,0.7276877295098848,13,20,4,10,11,26,4,10,0.5965844449866256,63.30609796177502
4274,4348,0.323,0.5,0.5417585315704381,0.6869009125912184,13,20,4,10,12,26,4,10,0.5952554073672913,57.13753994598909
4274,4349,0.543,0.462,0.3950165261574555,0.5980777263422485,13,20,4,10,13,26,4,10,0.7129467020752674,40.392091450507984
4274,4350,0.754,0.539,0.23987905188884984,0.4844166331369043,13,20,4,10,14,26,4,10,0.9268424893152019,35.55923646881213
4274,4351,0.897,0.616,0.1126881826545788,0.38563805383891236,13,20,4,10,15,26,4,10,1.0881475083829397,34.47869273787202
4274,4352,0.971,0.693,0.03500981805694303,0.32478867126796085,13,20,4,10,16,26,4,10,1.1929333594128382,35.51534461067976
4274,4353,0.996,0.769,0.0054874362723791315,0.29934250269041474,13,20,4,10,17,26,4,10,1.2583230904660376,37.671312329762905
4274,4354,1,0.847,2.238099136840921e-4,0.2933505559580778,13,20,4,10,18,26,4,10,1.3104995230827061,40.26459927013793
4274,4355,1,0.924,3.1609288342338004e-7,0.292896655451076,13,20,4,10,19,26,4,10,1.3615344285033706,42.73793318624221
4274,4356,1,1,0,0.2928932188134524,13,20,4,10,20,26,4,10,1.4142135623730951,45
4274,4362,0.294,0.588,0.5940294793950469,0.7067454400651723,13,20,4,10,10,27,4,10,0.657403985384938,63.43494882292201
4274,4363,0.289,0.563,0.5680127039493659,0.6965952630545571,13,20,4,10,11,27,4,10,0.6328427924848318,62.827595818112485
4274,4364,0.376,0.533,0.4799970411847003,0.6485266683859301,13,20,4,10,12,27,4,10,0.6522767817422295,54.799292253307144
4274,4365,0.592,0.5,0.34321388336010916,0.5635028154981876,13,20,4,10,13,27,4,10,0.7748961220705649,40.18425546260554
4274,4366,0.784,0.572,0.20556397364736312,0.4604127407033599,13,20,4,10,14,27,4,10,0.9704844151247355,36.11418510581392
4274,4367,0.911,0.643,0.09530240256836897,0.37260926255236115,13,20,4,10,15,27,4,10,1.115065020525709,35.21512364183502
4274,4368,0.975,0.714,0.029438906964038836,0.31957541475086626,13,20,4,10,16,27,4,10,1.2084787958421115,36.21560487276512
4274,4369,0.996,0.786,0.004675122623455041,0.29808508728178007,13,20,4,10,17,27,4,10,1.268783669503986,38.278970424361795
4274,4370,1,0.857,1.9440782684454483e-4,0.29324567161623927,13,20,4,10,18,27,4,10,1.3169848138835922,40.59657583596283
4274,4371,1,0.929,2.958302655065026e-7,0.2928957447612408,13,20,4,10,19,27,4,10,1.3649325990685401,42.8920866639288
4274,4372,1,1,0,0.2928932188134524,13,20,4,10,20,27,4,10,1.4142135623730951,45
4274,4379,0.306,0.611,0.5587272543432031,0.6864662573258957,13,20,4,10,10,28,4,10,0.6833425202634473,63.3974515903742
4274,4380,0.315,0.588,0.5178252410454569,0.6661615895104298,13,20,4,10,11,28,4,10,0.6670599673192807,61.82140989004083
4274,4381,0.426,0.563,0.4255363761060128,0.614565703352328,13,20,4,10,12,28,4,10,0.7060063739089045,52.88663733433966
4274,4382,0.634,0.534,0.29918330461814,0.5338677414665471,13,20,4,10,13,28,4,10,0.8289221917647036,40.106472944884686
4274,4383,0.809,0.6,0.17665908807848174,0.440096753456819,13,20,4,10,14,28,4,10,1.0072144756704007,36.56271511514172
4274,4384,0.922,0.667,0.0809547442793892,0.36179251282279146,13,20,4,10,15,28,4,10,1.1379688044933394,35.88300520626464
4274,4385,0.979,0.733,0.02487627194006914,0.3154152686358688,13,20,4,10,16,28,4,10,1.2230004088306758,36.823049103943504
4274,4386,0.997,0.8,0.004002658832935602,0.2971436088698567,13,20,4,10,17,28,4,10,1.2782836148523535,38.74380933674647
4274,4387,1,0.867,1.6991693312828904e-4,0.2931725954704937,13,20,4,10,18,28,4,10,1.323513883569039,40.92528797789907
4274,4388,1,0.934,2.7767080434948355e-7,0.29289515475600225,13,20,4,10,19,28,4,10,1.3683406008739198,43.045473375173806
4274,4389,1,1,0,0.2928932188134524,13,20,4,10,20,28,4,10,1.4142135623730951,45
4274,4397,0.318,0.632,0.5212780557195643,0.6644444604108619,13,20,4,10,10,29,4,10,0.7074941695872836,63.290079904045676
4274,4398,0.345,0.611,0.4704480027856289,0.6374946412375966,13,20,4,10,11,29,4,10,0.7016737133454551,60.54883676046396
4274,4399,0.472,0.588,0.37774340044743726,0.5845789143320544,13,20,4,10,12,29,4,10,0.7540079575176909,51.24525267867696
4274,4400,0.67,0.563,0.26148541417572113,0.508370794909727,13,20,4,10,13,29,4,10,0.87513941746444035,40.04028548176059
4274,4401,0.83,0.625,0.15234686769573658,0.422879206099942,13,20,4,10,14,29,4,10,1.039001924926032,36.98018774930182
4274,4402,0.932,0.688,0.0691184469590772,0.3528267296254952,13,20,4,10,15,29,4,10,1.1584334249321366,36.43464802487392
4274,4403,0.981,0.75,0.021147628523296214,0.3120980038592217,13,20,4,10,16,29,4,10,1.2348526227854075,37.39885239945635
4274,4404,0.997,0.813,0.003444843929588437,0.29643237493634655,13,20,4,10,17,29,4,10,1.286459482455627,39.19539724518994
4274,4405,1,0.876,1.4936573761581418e-4,0.2931203837801917,13,20,4,10,18,29,4,10,1.3294269442131825,41.218359795425336
4274,4406,1,0.938,2.6082366444413196e-7,0.29289475532078435,13,20,4,10,19,29,4,10,1.3710740315533658,43.16763304046667
4274,4407,1,1,0,0.2928932188134524,13,20,4,10,20,29,4,10,1.4142135623730951,45
4274,4416,0.332,0.65,0.4837330258436232,0.6422096830821542,13,20,4,10,10,30,4,10,0.7298794420998581,62.94345296650471
4274,4417,0.377,0.632,0.4266484645508276,0.6110433770065182,13,20,4,10,11,30,4,10,0.7359028468486856,59.18312116405017
4274,4418,0.515,0.611,0.3358554874743014,0.5581485145168926,13,20,4,10,12,30,4,10,0.79909073327126,49.873113211494505
4274,4419,0.702,0.589,0.2292275997710731,0.4864047143865833,13,20,4,10,13,30,4,10,0.916365101910805,39.997703767130176
4274,4420,0.849,0.647,0.13190960336050994,0.4082920044139935,13,20,4,10,14,30,4,10,1.0674314966310483,37.310047683181615
4274,4421,0.94,0.706,0.05932521822992709,0.3454046394607193,13,20,4,10,15,30,4,10,1.1756002722013974,36.90888762248152
4274,4422,0.984,0.765,0.018103129650138716,0.309447317612082,13,20,4,10,16,30,4,10,1.2463871790097971,37.86288827878198
4274,4423,0.998,0.824,0.0029881966634470736,0.29588854881444937,13,20,4,10,17,30,4,10,1.2942101838573208,39.544828347592805
4274,4424,1,0.883,1.324001046382195e-4,0.2930821117082235,13,20,4,10,18,30,4,10,1.3340498491435768,41.4445038973404
4274,4425,1,0.942,2.44959580064652e-7,0.2928944736592429,13,20,4,10,19,30,4,10,1.3738136700440857,43.289306039103366
4274,4426,1,1,0,0.2928932188134524,13,20,4,10,20,30,4,10,1.4142135623730951,45
4274,4436,0.348,0.667,0.4473576968646287,0.6206501582591761,13,20,4,10,10,31,4,10,0.7523250627222251,62.447188423282206
4274,4437,0.41,0.65,0.386734798625437,0.5869384062444798,13,20,4,10,11,31,4,10,0.768505042273634,57.757532160876686
4274,4438,0.554,0.632,0.2992641374011814,0.5348914225328858,13,20,4,10,12,31,4,10,0.8404403607633323,48.76276902350096
4274,4439,0.731,0.611,0.20170498831397055,0.4674735530984656,13,20,4,10,13,31,4,10,0.9527234646003004,39.890271148109086
4274,4440,0.864,0.667,0.11481637848423365,0.395935045686979,13,20,4,10,14,31,4,10,1.0915058405707228,37.66780817169205
4274,4441,0.946,0.722,0.051222938447656796,0.3392561438237033,13,20,4,10,15,31,4,10,1.1900420160649792,37.351363451682374
4274,4442,0.986,0.778,0.01562578864538977,0.3073176536637896,13,20,4,10,16,31,4,10,1.2559777068085245,38.2750873395419
4274,4443,0.998,0.834,0.0026132231643174464,0.2954665574117882,13,20,4,10,17,31,4,10,1.30059986160233,39.88453746411934
4274,4444,1,0.889,1.1820330419376468e-4,0.29305332759545333,13,20,4,10,18,31,4,10,1.3380287739805896,41.63709543013025
4274,4445,1,0.945,2.3087769329688257e-7,0.2928942674851571,13,20,4,10,19,31,4,10,1.3758724504836921,43.38024250274473
4274,4446,1,1,0,0.2928932188134524,13,20,4,10,20,31,4,10,1.4142135623730951,45
4274,4457,0.367,0.682,0.4128955455392971,0.6002506800384761,13,20,4,10,10,32,4,10,0.7744759518538973,61.714275920447115
4274,4458,0.443,0.667,0.35074906743945755,0.5651454700469167,13,20,4,10,11,32,4,10,0.8007109341079338,56.40916302862235
4274,4459,0.59,0.65,0.2674222050714823,0.5144503688767939,13,20,4,10,12,32,4,10,0.8778382538941898,47.770215797200194
4274,4460,0.755,0.632,0.17821083920134162,0.45114828669470086,13,20,4,10,13,32,4,10,0.9846060125755886,39.932232557157874
4274,4461,0.878,0.684,0.1005408697807465,0.3854555713930291,13,20,4,10,14,32,4,10,1.112986972071102,37.920133980218196
4274,4462,0.952,0.737,0.04454803000156626,0.3341465010605794,13,20,4,10,15,32,4,10,1.2039406131533232,37.7455914936411
4274,4463,0.987,0.79,0.013608083370541757,0.30559228413615047,13,20,4,10,16,32,4,10,1.2642266410735064,38.673964098030126
4274,4464,0.998,0.843,0.002301507265948133,0.2951337248623249,13,20,4,10,17,32,4,10,1.3063892987926684,40.18742499035128
4274,4465,1,0.895,1.0632017752809642e-4,0.29303113349874155,13,20,4,10,18,32,4,10,1.3420227270802831,41.82854278370222
4274,4466,1,0.948,2.179331668461515e-7,0.29289411141913213,13,20,4,10,19,32,4,10,1.3779346864057092,43.470907000688804
4274,4467,1,1,0,0.2928932188134524,13,20,4,10,20,32,4,10,1.4142135623730951,45
4274,4479,0.389,0.696,0.38077690288242116,0.5812450613422866,13,20,4,10,10,33,4,10,0.7973311733527042,60.79882399873128
4274,4480,0.475,0.682,0.3185611885104598,0.5455405702522458,13,20,4,10,11,33,4,10,0.83111310902909,55.14352402451329
4274,4481,0.622,0.667,0.23975833681568204,0.4964891161330751,13,20,4,10,12,33,4,10,0.9120158989842228,46.99942854453133
4274,4482,0.777,0.65,0.1581848164282662,0.4370490461051123,13,20,4,10,13,33,4,10,1.0130296145720519,39.91419541772244
4274,4483,0.89,0.7,0.08857237835185627,0.3765437401400603,13,20,4,10,14,33,4,10,1.1322985472038725,38.18564711059025
4274,4484,0.957,0.75,0.03903049692846883,0.3298771848262799,13,20,4,10,15,33,4,10,1.2158737598945049,38.08576570208169
4274,4485,0.988,0.8,0.011944227749961844,0.30417998623659626,13,20,4,10,16,33,4,10,1.271276523813761,38.99766642858374
4274,4486,0.998,0.85,0.0020422898575055415,0.29486675381788285,13,20,4,10,17,33,4,10,1.3109172361365915,40.42114964689786
4274,4487,1,0.9,9.618999704474884e-5,0.29301361485905875,13,20,4,10,18,33,4,10,1.3453624047073711,41.98721249581666
4274,4488,1,0.95,2.0638762088243112e-7,0.2928939897320306,13,20,4,10,19,33,4,10,1.379311422413372,43.53119928561418
4274,4489,1,1,0,0.2928932188134524,13,20,4,10,20,33,4,10,1.4142135623730951,45
4274,4502,0.411,0.708,0.3512301662186378,0.5637116447877428,13,20,4,10,10,34,4,10,0.8186482761235132,59.864471714262166
4274,4503,0.506,0.696,0.28991773839669477,0.5279522433520036,13,20,4,10,11,34,4,10,0.8604952062620685,53.98241741786211
4274,4504,0.651,0.682,0.2157237692857561,0.4806937950638942,13,20,4,10,12,34,4,10,0.9428281921962242,46.332219853869645
4274,4505,0.796,0.667,0.14111553548513944,0.4248401081014138,13,20,4,10,13,34,4,10,1.0385109532402632,39.96097783103324
4274,4506,0.9,0.714,0.07848524987317007,0.36893236480532676,13,20,4,10,14,34,4,10,1.1488237462726822,38.426139975714165
4274,4507,0.961,0.762,0.03444817567194969,0.32628465076437374,13,20,4,10,15,34,4,10,1.2264440468280646,38.411744541949275
4274,4508,0.99,0.81,0.010561414612950237,0.3030106854267085,13,20,4,10,16,34,4,10,1.2791403363196707,39.28940686250036
4274,4509,0.998,0.858,0.0018244082691635244,0.2946490179033593,13,20,4,10,17,34,4,10,1.3161185356950187,40.68628914597143
4274,4510,1,0.905,8.734166311885616e-5,0.2929994848846934,13,20,4,10,18,34,4,10,1.348712348872064,42.14509520315724
4274,4511,1,0.953,1.9573095610958546e-7,0.2928938923699821,13,20,4,10,19,34,4,10,1.3813793830805496,43.62141221053497
4274,4512,1,1,0,0.2928932188134524,13,20,4,10,20,34,4,10,1.4142135623730951,45
4274,4526,0.435,0.72,0.3242438644904697,0.5476342111143855,13,20,4,10,10,35,4,10,0.8412044935685972,58.861027563021146
4274,4527,0.535,0.708,0.2644767967539171,0.5121881553690918,13,20,4,10,11,35,4,10,0.887405769645431,52.92349237023538
4274,4528,0.678,0.696,0.19484285152163938,0.46677662492836736,13,20,4,10,12,35,4,10,0.9716480844420988,45.750556796364265
4274,4529,0.814,0.682,0.12653007184206122,0.4142285848775372,13,20,4,10,13,35,4,10,1.061941617980951,39.95754893082909
4274,4530,0.909,0.727,0.06993633406713695,0.3623956052721672,13,20,4,10,14,35,4,10,1.1639630578330225,38.652120641159826
4274,4531,0.965,0.773,0.030610645967838246,0.3232367857901547,13,20,4,10,15,35,4,10,1.2364279194518377,38.69599353380176
4274,4532,0.991,0.819,0.009403296629716729,0.3020310293803419,13,20,4,10,16,35,4,10,1.2856290289193069,39.57161890577963
4274,4533,0.999,0.864,0.001639680692517853,0.2944685812006895,13,20,4,10,17,35,4,10,1.320794079332581,40.85537625889571
4274,4534,1,0.909,7.960441266319229e-5,0.29298786271412447,13,20,4,10,18,35,4,10,1.35139964481274,42.270837050918736
4274,4535,1,0.955,1.857701806828871e-7,0.2928938127194022,13,20,4,10,19,35,4,10,1.3827599213167845,43.681404157171436
4274,4536,1,1,0,0.2928932188134524,13,20,4,10,20,35,4,10,1.4142135623730951,45
4274,4554,1,1,0,0.2928932188134524,13,20,4,10,10,13,7,10,1.4142135623730951,45
4274,4555,1,1,0,0.2928932188134524,13,20,4,10,11,13,7,10,1.4142135623730951,45
4274,4556,1,1,0,0.2928932188134524,13,20,4,10,12,13,7,10,1.4142135623730951,45
4274,4557,1,0.9,1.9350318410915612e-4,0.2931085773304767,13,20,4,10,10,14,7,10,1.3453624047073711,41.98721249581666
4274,4558,0.999,0.889,7.283732529869136e-4,0.2936379459179955,13,20,4,10,11,14,7,10,1.3372815709490653,41.66556206288983
4274,4559,0.994,0.876,0.0030385637271950205,0.2967687094139744,13,20,4,10,12,14,7,10,1.3249196202034295,41.389331651109934
4274,4560,0.95,0.857,0.012159227718299692,0.32049432929725286,13,20,4,10,13,14,7,10,1.2794330775777216,42.05378514872926
4274,4561,0.991,0.8,0.008543556438951105,0.30082992922589036,13,20,4,10,10,15,7,10,1.2736094377791018,38.912737090874955
4274,4562,0.975,0.778,0.020570679427192817,0.3111747160611329,13,20,4,10,11,15,7,10,1.2473608138786467,38.588071995702286
4274,4563,0.923,0.75,0.04914805952822343,0.3414546183467059,13,20,4,10,12,15,7,10,1.189297691917377,39.096195772577545
4274,4564,0.753,0.715,0.11392064453944839,0.411452168606224,13,20,4,10,13,15,7,10,1.0383804697701127,43.51719787354896
4274,4565,0.487,0.857,0.1741585155969324,0.4556601379663838,13,20,4,10,14,15,7,10,0.9857068529740473,60.39210344403315
4274,4566,0.948,0.7,0.04973780263511407,0.3365125439113644,13,20,4,10,10,16,7,10,1.1784328576546057,36.44203487654177
4274,4567,0.89,0.667,0.0979895336184674,0.3740204381347899,13,20,4,10,11,16,7,10,1.1122000719295069,36.849291360268495
4274,4568,0.763,0.625,0.19431038596595607,0.45037324372314813,13,20,4,10,12,16,7,10,0.9863031988187,39.322105263580575
4274,4569,0.491,0.572,0.34786191101463493,0.5614671950595409,13,20,4,10,13,16,7,10,0.7538335360011519,49.35748537684575
4274,4570,0.36,0.714,0.4234036071755418,0.600648264724075,13,20,4,10,14,16,7,10,0.7996224108915406,63.24268182812344
4274,4571,0.445,0.858,0.23946079217606464,0.49410941302749933,13,20,4,10,15,16,7,10,0.9665345311989634,62.5865772585368
4274,4572,0.856,0.6,0.1490156355060619,0.4123496804015525,13,20,4,10,10,17,7,10,1.045340136032287,35.02794231266891
4274,4573,0.744,0.556,0.2577043777446497,0.4859461054374947,13,20,4,10,11,17,7,10,0.928801378121286,36.77119700357447
4274,4574,0.551,0.5,0.42249819297301927,0.6020348241341344,13,20,4,10,12,17,7,10,0.7440436815133907,42.22188920146238
4274,4575,0.255,0.429,0.6133329942869082,0.7223393226293302,13,20,4,10,13,17,7,10,0.49906512601062397,59.27251338440034
4274,4576,0.293,0.572,0.5986601982265176,0.7087311567193952,13,20,4,10,14,17,7,10,0.6426764349188477,62.87676125453105
4274,4577,0.476,0.715,0.34840595846948164,0.556440607865079,13,20,4,10,15,17,7,10,0.8589534329636269,56.346933295168554
4274,4578,0.726,0.858,0.1099334225093368,0.4141578552840208,13,20,4,10,16,17,7,10,1.1239395001511425,49.76364169072618
4274,4579,0.717,0.5,0.30483868919917445,0.5190191947944134,13,20,4,10,10,18,7,10,0.8741218450536515,34.88999408233308
4274,4580,0.557,0.445,0.4644769451219104,0.6231403897599299,13,20,4,10,11,18,7,10,0.7129333769715093,38.62215495424464
4274,4581,0.322,0.375,0.6668586325111288,0.7636945794473637,13,20,4,10,12,18,7,10,0.4942762385549198,49.34841282499949
4274,4582,0.146,0.286,0.8240808167582149,0.8626588089377654,13,20,4,10,13,18,7,10,0.3211105728561425,62.956165152626745
4274,4583,0.327,0.429,0.6191682072625693,0.7278303097340629,13,20,4,10,14,18,7,10,0.5394163512538344,52.68398182973396
4274,4584,0.607,0.572,0.3282970862942942,0.546592369475024,13,20,4,10,15,18,7,10,0.8340461617920197,43.299606862312274
4274,4585,0.838,0.715,0.10823723188193068,0.4114890202154111,13,20,4,10,16,18,7,10,1.1015756896373485,40.4715387690769
4274,4586,0.96,0.858,0.015435797915860694,0.331684830862633,13,20,4,10,17,18,7,10,1.2875418439802258,41.788751981888396
4274,4587,0.546,0.4,0.48615766178978903,0.6357191052103282,13,20,4,10,10,19,7,10,0.6768426700496949,36.22653236404903
4274,4588,0.353,0.333,0.6757152561081514,0.7587922051777759,13,20,4,10,11,19,7,10,0.48528136168618713,43.330042150125834
4274,4589,0.101,0.25,0.9022147356732158,0.9140788709458553,13,20,4,10,12,19,7,10,0.2696312296452323,68.00129177726384
4274,4590,0.198,0.143,0.8085712814943422,0.8713998290355427,13,20,4,10,13,19,7,10,0.24423963642291968,35.83765295427829
4274,4591,0.491,0.286,0.5101673704486351,0.6700058218030336,13,20,4,10,14,19,7,10,0.5682226676224735,30.2201464542241
4274,4592,0.745,0.429,0.24844039779077542,0.5007035353556212,13,20,4,10,15,19,7,10,0.859689478823604,29.935012315791383
4274,4593,0.911,0.572,0.07784054342297275,0.38435460692792,13,20,4,10,16,19,7,10,1.0756881518358377,32.12394939376272
4274,4594,0.983,0.714,0.011577441687975254,0.32183953619915806,13,20,4,10,17,19,7,10,1.2149423854652532,35.99270120808745
4274,4595,0.999,0.857,4.41335785188568e-4,0.29805664465423154,13,20,4,10,18,19,7,10,1.3162256645423687,40.624902299009705
4274,4596,0.358,0.3,0.6607850089642252,0.7397917150211318,13,20,4,10,10,20,7,10,0.4670802928833543,39.962631497968516
4274,4597,0.148,0.222,0.8521912560885025,0.8615332674488191,13,20,4,10,11,20,7,10,0.2668107943843352,56.309932474020215
4274,4598,0.109,0.125,0.8825026393422587,0.9264136957552499,13,20,4,10,12,20,7,10,0.16584932921178788,48.91157181252866
4274,4599,0.376,0,0.6407501742765951,0.7715143947643033,13,20,4,10,13,20,7,10,0.376,0
4274,4600,0.634,0.143,0.38692202896564964,0.5936448900985989,13,20,4,10,14,20,7,10,0.6499269189685868,12.710485973876997
4274,4601,0.832,0.286,0.17909347586549784,0.4502573011947856,13,20,4,10,15,20,7,10,0.8797840644158088,18.970407808486545
4274,4602,0.947,0.429,0.0536886929207645,0.35672698264748304,13,20,4,10,16,20,7,10,1.0396393605476852,24.370978186205306
4274,4603,0.991,0.572,0.007959430277224566,0.3109848933238789,13,20,4,10,17,20,7,10,1.1442311829346374,29.993316724321247
4274,4604,1,0.715,3.0547771812161617e-4,0.29534803002367227,13,20,4,10,18,20,7,10,1.2293189171244376,35.56476799303516
4274,4605,1,0.857,3.6023714033994736e-7,0.2929571730660948,13,20,4,10,19,20,7,10,1.3169848138835922,40.59657583596283
4274,4606,0.209,0.364,0.7754746375631283,0.8061360360549347,13,20,4,10,10,21,7,10,0.4197344398545347,60.13659923363048
4274,4607,0.148,0.3,0.8330971416467823,0.8715832236754912,13,20,4,10,11,21,7,10,0.33452055243288115,63.74134044519272
4274,4608,0.261,0.222,0.7117259985803546,0.8160170246723015,13,20,4,10,12,21,7,10,0.34264413025761875,40.383647906448985
4274,4609,0.513,0.125,0.4975440218783055,0.6750835986670927,13,20,4,10,13,21,7,10,0.5280094696120515,13.694104616126776
4274,4610,0.731,0.25,0.28979235367845224,0.525994075062933,13,20,4,10,14,21,7,10,0.7725677963777677,18.8805476205149
4274,4611,0.884,0.375,0.1294753066380765,0.40899194978738784,13,20,4,10,15,21,7,10,0.9602504881540025,22.987052291607775
4274,4612,0.966,0.5,0.037794333539988734,0.3367021649239137,13,20,4,10,16,21,7,10,1.0877297458468256,27.366009073418645
4274,4613,0.995,0.625,0.005537871228986191,0.3037864118888126,13,20,4,10,17,21,7,10,1.1750106382497139,32.13460215794979
4274,4614,1,0.75,2.0769872909920384e-4,0.2939497732096945,13,20,4,10,18,21,7,10,1.25,36.86989764584402
4274,4615,1,0.876,2.6979618372724445e-7,0.2929060600082075,13,20,4,10,19,21,7,10,1.3294269442131825,41.218359795425336
4274,4616,1,1,0,0.2928932188134524,13,20,4,10,20,21,7,10,1.4142135623730951,45
4274,4617,0.206,0.416,0.760271105630909,0.8135426611134701,13,20,4,10,10,22,7,10,0.46421115884907377,63.655740714645596
4274,4618,0.213,0.364,0.7195486585864432,0.8067936479333561,13,20,4,10,11,22,7,10,0.42174044150401324,59.66533004055852
4274,4619,0.391,0.3,0.5707469796571555,0.722246719843476,13,20,4,10,12,22,7,10,0.4928295851508917,37.49770776521093
4274,4620,0.617,0.222,0.3861082791102105,0.5976290902110992,13,20,4,10,13,22,7,10,0.6557232648000222,19.789010812606744
4274,4621,0.798,0.333,0.21797585664678476,0.4733206330640263,13,20,4,10,14,22,7,10,0.8646924308677624,22.650447159981656
4274,4622,0.918,0.445,0.09430796890790683,0.37887433220301125,13,20,4,10,15,22,7,10,1.020171064086803,25.861762595715014
4274,4623,0.977,0.556,0.02684262301560769,0.32315084766199353,13,20,4,10,16,22,7,10,1.1241285513676806,29.64373029619021
4274,4624,0.997,0.667,0.003907801911227304,0.2994059246721208,13,20,4,10,17,22,7,10,1.1995407454521918,33.78280049855468
4274,4625,1,0.778,1.4032739800717842e-4,0.2933775568622189,13,20,4,10,18,22,7,10,1.266998026833507,37.88291605856699
4274,4626,1,0.889,1.9462369638123533e-7,0.2928968382466143,13,20,4,10,19,22,7,10,1.3380287739805896,41.63709543013025
4274,4627,1,1,0,0.2928932188134524,13,20,4,10,20,22,7,10,1.4142135623730951,45
4274,4629,0.234,0.462,0.6884278486531954,0.7766959287169914,13,20,4,10,10,23,7,10,0.5178802950489622,63.13808215559732
4274,4630,0.302,0.416,0.604372995118802,0.7344541619791687,13,20,4,10,11,23,7,10,0.5140622530394543,54.021793461677866
4274,4631,0.498,0.364,0.45848400013090496,0.6469891969713856,13,20,4,10,12,23,7,10,0.6168468205316454,36.16395424561979
4274,4632,0.697,0.3,0.301360738435943,0.5375832189558986,13,20,4,10,13,23,7,10,0.7588207957087101,23.28782076087546
4274,4633,0.847,0.4,0.16562821842805042,0.43357529869825007,13,20,4,10,14,23,7,10,0.9367011262937608,25.2792586449571
4274,4634,0.94,0.5,0.06938705963863667,0.35706776912198457,13,20,4,10,15,23,7,10,1.0647065323364933,28.009176708013836
4274,4635,0.984,0.6,0.019223941089887897,0.31388381863764736,13,20,4,10,16,23,7,10,1.152499891540125,31.37300514010846
4274,4636,0.998,0.7,0.0027404014026911616,0.2968509602876921,13,20,4,10,17,23,7,10,1.2190176372801174,35.04592750208645
4274,4637,1,0.8,9.562430632836794e-5,0.2931369579007107,13,20,4,10,18,23,7,10,1.2806248474865698,38.659808254090095
4274,4638,1,0.9,1.3972367896020188e-7,0.29289457730129,13,20,4,10,19,23,7,10,1.3453624047073711,41.98721249581666
4274,4639,1,1,0,0.2928932188134524,13,20,4,10,20,23,7,10,1.4142135623730951,45
4274,4642,0.279,0.5,0.6034859535298358,0.7258269973288876,13,20,4,10,10,24,7,10,0.5725740126830767,60.83848278079569
4274,4643,0.394,0.462,0.5035597788865716,0.6704300055643073,13,20,4,10,11,24,7,10,0.6071902502511054,49.54199568026674
4274,4644,0.586,0.417,0.3696925840849661,0.586769638180513,13,20,4,10,12,24,7,10,0.7192252776425478,35.43581050402109
4274,4645,0.758,0.364,0.2368436369206789,0.4908449414918632,13,20,4,10,13,24,7,10,0.8408685985336829,25.650834416628996
4274,4646,0.882,0.454,0.1263835147643816,0.4033139561395931,13,20,4,10,14,24,7,10,0.9919879031520495,27.23665714612982
4274,4647,0.956,0.546,0.05143071142949218,0.3410460840157661,13,20,4,10,15,24,7,10,1.1009323321621542,29.73197102687837
4274,4648,0.989,0.637,0.013779799767269951,0.3075588173464737,13,20,4,10,16,24,7,10,1.1763885412566717,32.78497488066511
4274,4649,0.999,0.727,0.0019218864417730464,0.2953756832296821,13,20,4,10,17,24,7,10,1.2355282271158357,36.04442062634799
4274,4650,1,0.819,6.550664614723978e-5,0.2930268274249165,13,20,4,10,18,24,7,10,1.2925792045364184,39.31747620953449
4274,4651,1,0.909,1.0198731781319026e-7,0.29289382718495116,13,20,4,10,19,24,7,10,1.35139964481274,42.270837050918736
4274,4652,1,1,0,0.2928932188134524,13,20,4,10,20,24,7,10,1.4142135623730951,45
4274,4656,0.339,0.533,0.521001140350914,0.6751829236826271,13,20,4,10,10,25,7,10,0.6316723834393903,57.5427212056029
4274,4657,0.479,0.5,0.4186647065922018,0.6159460280067043,13,20,4,10,11,25,7,10,0.6924167820034405,46.22883235881142
4274,4658,0.657,0.461,0.29913681387313473,0.5380793340848871,13,20,4,10,12,25,7,10,0.8026020184375318,35.056351454024444
4274,4659,0.806,0.417,0.18666641982817278,0.45392981531726406,13,20,4,10,13,25,7,10,0.9074827822058114,27.35567710100382
4274,4660,0.908,0.5,0.09661378650753571,0.3799689031093312,13,20,4,10,14,25,7,10,1.0365635532855668,28.839853307436403
4274,4661,0.967,0.583,0.038082029461860234,0.3292111048324887,13,20,4,10,15,25,7,10,1.1291492372578569,31.085588200397243
4274,4662,0.992,0.667,0.00991743666329259,0.3032701892891966,13,20,4,10,16,25,7,10,1.1953882214577822,33.91605898783147
4274,4663,0.999,0.75,0.0013532754058119822,0.2945075849280828,13,20,4,10,17,25,7,10,1.2492001440922107,36.89741723042958
4274,4664,1,0.834,4.541352532871912e-5,0.2929718428738729,13,20,4,10,18,25,7,10,1.3021351696348578,39.82810630428432
4274,4665,1,0.917,7.504225296717237e-8,0.292893529828791,13,20,4,10,19,25,7,10,1.3567936468011634,42.52082345847564
4274,4666,1,1,0,0.2928932188134524,13,20,4,10,20,25,7,10,1.4142135623730951,45
4274,4671,0.405,0.563,0.4462254484482916,0.6288878266404109,13,20,4,10,10,26,7,10,0.6935373097389931,54.2702485744945
4274,4672,0.553,0.533,0.34793512845203134,0.5698194177175848,13,20,4,10,11,26,7,10,0.7680481755723401,43.944948371713814
4274,4673,0.715,0.5,0.24238900608928982,0.4982605223135491,13,20,4,10,12,26,7,10,0.872482091506754,34.96512077353356
4274,4674,0.843,0.462,0.14723399513318536,0.4244481329556423,13,20,4,10,13,26,7,10,0.9612975605919325,28.724622960986178
4274,4675,0.928,0.539,0.07405964830957079,0.36186845520553945,13,20,4,10,14,26,7,10,1.07317519538983,30.148832365071243
4274,4676,0.974,0.616,0.028284236029118448,0.320497403942683,13,20,4,10,15,26,7,10,1.1524460941840187,32.31104211964267
4274,4677,0.994,0.693,0.0071828985216123575,0.30036929317289074,13,20,4,10,16,26,7,10,1.2117281048155977,34.88355694996182
4274,4678,0.999,0.769,9.61613651055071e-4,0.2939834979915592,13,20,4,10,17,26,7,10,1.2606990124530122,37.58798896461457
4274,4679,1,0.847,3.196846577346868e-5,0.2929425609012727,13,20,4,10,18,26,7,10,1.3104995230827061,40.26459927013793
4274,4680,1,0.924,5.620983123399981e-8,0.29289339600685993,13,20,4,10,19,26,7,10,1.3615344285033706,42.73793318624221
4274,4681,1,1,0,0.2928932188134524,13,20,4,10,20,26,7,10,1.4142135623730951,45
4274,4687,0.47,0.588,0.38048393282965665,0.5877614076289247,13,20,4,10,10,27,7,10,0.7527575971054692,51.36396592691606
4274,4688,0.618,0.563,0.2889534054277517,0.530744192835104,13,20,4,10,11,27,7,10,0.8359982057397013,42.33362180799333
4274,4689,0.762,0.533,0.19641613237587108,0.4654998951781546,13,20,4,10,12,27,7,10,0.9299102107192931,34.971829633096085
4274,4690,0.872,0.5,0.11620656854841505,0.40083416676698647,13,20,4,10,13,27,7,10,1.0051785910971243,29.829721974588555
4274,4691,0.943,0.572,0.05690389860096934,0.3478797130546699,13,20,4,10,14,27,7,10,1.102920214702768,31.239943036181234
4274,4692,0.98,0.643,0.021149803092020525,0.3141234296772033,13,20,4,10,15,27,7,10,1.1721130491552425,33.26977947409233
4274,4693,0.995,0.714,0.005290643175758003,0.2984029103843505,13,20,4,10,16,27,7,10,1.224671792767352,35.662765673806405
4274,4694,0.999,0.786,6.927639785709871e-4,0.2936587795419985,13,20,4,10,17,27,7,10,1.2711400394921089,38.19520098498541
4274,4695,1,0.857,2.3052480641050366e-5,0.29292607671627513,13,20,4,10,18,27,7,10,1.3169848138835922,40.59657583596283
4274,4696,1,0.929,4.291912203413517e-8,0.29289332914428257,13,20,4,10,19,27,7,10,1.3649325990685401,42.8920866639288
4274,4697,1,1,0,0.2928932188134524,13,20,4,10,20,27,7,10,1.4142135623730951,45
4274,4704,0.531,0.611,0.3234632833944201,0.5517120022075463,13,20,4,10,10,28,7,10,0.8094949042458512,49.007168537404795
4274,4705,0.673,0.588,0.23985476016538054,0.4976926198104409,13,20,4,10,11,28,7,10,0.8936850675713452,41.14370723055108
4274,4706,0.801,0.563,0.15930533828823878,0.43855969440627796,13,20,4,10,12,28,7,10,0.979065881337921,35.10228723076067
4274,4707,0.895,0.534,0.09207866821256305,0.3819884548914624,13,20,4,10,13,28,7,10,1.0422000767606958,30.82233231826807
4274,4708,0.954,0.6,0.043948556871062694,0.33713999920831406,13,20,4,10,14,28,7,10,1.1269942324608409,32.167052585775856
4274,4709,0.984,0.667,0.01599571205630035,0.3094799076720496,13,20,4,10,15,28,7,10,1.188757754969447,34.131206901273316
4274,4710,0.996,0.733,0.003959291076700899,0.29705887780214524,13,20,4,10,16,28,7,10,1.236650718675245,36.35097868688472
4274,4711,1,0.8,5.089118405995352e-4,0.29345168327961435,13,20,4,10,17,28,7,10,1.2806248474865698,38.659808254090095
4274,4712,1,0.867,1.7078837611816944e-5,0.29291628503273826,13,20,4,10,18,28,7,10,1.323513883569039,40.92528797789907
4274,4713,1,0.934,3.363962275404475e-8,0.2928932926042306,13,20,4,10,19,28,7,10,1.3683406008739198,43.045473375173806
4274,4714,1,1,0,0.2928932188134524,13,20,4,10,20,28,7,10,1.4142135623730951,45
4274,4722,0.587,0.632,0.27463733323038053,0.520417774970467,13,20,4,10,10,29,7,10,0.8625502883890306,47.114142603442
4274,4723,0.719,0.611,0.19932688421240685,0.46986047787824936,13,20,4,10,11,29,7,10,0.9435475610693931,40.357596397149585
4274,4724,0.833,0.588,0.1296313571061325,0.4165012821797711,13,20,4,10,12,29,7,10,1.0196239502875557,35.21759296819271
4274,4725,0.914,0.563,0.07339137211778335,0.3670290128008368,13,20,4,10,13,29,7,10,1.07348265006939,31.63197865490225
4274,4726,0.963,0.625,0.03429992097656387,0.3289300726778832,13,20,4,10,14,29,7,10,1.1480391979370739,32.9841151498784
4274,4727,0.988,0.688,0.012289222396274058,0.3060888273020457,13,20,4,10,15,29,7,10,1.2039468426803568,34.85166609290659
4274,4728,0.997,0.75,0.0030215238374246,0.2961256120545932,13,20,4,10,16,29,7,10,1.2476012984924312,36.952562227091214
4274,4729,1,0.813,3.819514343086361e-4,0.2933151020156548,13,20,4,10,17,29,7,10,1.2887858627405873,39.111110804715416
4274,4730,1,0.876,1.2990483970853894e-5,0.2929101462403604,13,20,4,10,18,29,7,10,1.3294269442131825,41.218359795425336
4274,4731,1,0.938,2.671794485653578e-8,0.29289327095769835,13,20,4,10,19,29,7,10,1.3710740315533658,43.16763304046667
4274,4732,1,1,0,0.2928932188134524,13,20,4,10,20,29,7,10,1.4142135623730951,45
4274,4741,0.637,0.65,0.2333528592826366,0.4934755503573046,13,20,4,10,10,30,7,10,0.9100928524057312,45.57872556560776
4274,4742,0.759,0.632,0.1661250856953682,0.4465456509499608,13,20,4,10,11,30,7,10,0.987676566493303,39.78328857607729
4274,4743,0.859,0.611,0.10612527135344707,0.39851627012420143,13,20,4,10,12,30,7,10,1.0541356648932811,35.423945692648616
4274,4744,0.928,0.589,0.05895601045090215,0.3551872170485342,13,20,4,10,13,30,7,10,1.0991382988505132,32.403225798988174
4274,4745,0.97,0.647,0.027115485322707578,0.32264516860569115,13,20,4,10,14,30,7,10,1.1659798454518844,33.703696398109294
4274,4746,0.99,0.706,0.00960022471752875,0.30358765720587055,13,20,4,10,15,30,7,10,1.2159506568936091,35.49385693664634
4274,4747,0.998,0.765,0.0023486126596083956,0.2954629383793992,13,20,4,10,16,30,7,10,1.2574692839190944,37.47135820620178
4274,4748,1,0.824,2.928179767298644e-4,0.29322164016231833,13,20,4,10,17,30,7,10,1.2957530628943155,39.48852258397938
4274,4749,1,0.883,1.0113125159971759e-5,0.2929060886414705,13,20,4,10,18,30,7,10,1.3340498491435768,41.4445038973404
4274,4750,1,0.942,2.1556364027119912e-8,0.29289325718274706,13,20,4,10,19,30,7,10,1.3738136700440857,43.289306039103366
4274,4751,1,1,0,0.2928932188134524,13,20,4,10,20,30,7,10,1.4142135623730951,45
4274,4761,0.681,0.667,0.19874844258352786,0.47042587751817944,13,20,4,10,10,31,7,10,0.9532313465261202,44.40496136917214
4274,4762,0.793,0.65,0.13917436695068386,0.42708526925238366,13,20,4,10,11,31,7,10,1.0253531099089719,39.34051815983752
4274,4763,0.881,0.632,0.08752407217377922,0.3838731034879086,13,20,4,10,12,31,7,10,1.0842439762341314,35.65439466823839
4274,4764,0.94,0.611,0.04786333015807365,0.34579574716806283,13,20,4,10,13,31,7,10,1.1211248815363968,33.02386755579665
4274,4765,0.975,0.667,0.021734190723535773,0.3177978792963537,13,20,4,10,14,31,7,10,1.1813187546128268,34.376131179249356
4274,4766,0.992,0.722,0.007643693336636281,0.3017133759357048,13,20,4,10,15,31,7,10,1.2269262406518169,36.047973496696684
4274,4767,0.998,0.778,0.001859089603941988,0.29497990316052447,13,20,4,10,16,31,7,10,1.2654200883501099,37.93852205534109
4274,4768,1,0.834,2.289250490005168e-4,0.29315524815868843,13,20,4,10,17,31,7,10,1.3021351696348578,39.82810630428432
4274,4769,1,0.889,7.993849726606328e-6,0.29290327288586704,13,20,4,10,18,31,7,10,1.3380287739805896,41.63709543013025
4274,4770,1,0.945,1.7618503100891303e-8,0.29289324787834037,13,20,4,10,19,31,7,10,1.3758724504836921,43.38024250274473
4274,4771,1,1,0,0.2928932188134524,13,20,4,10,20,31,7,10,1.4142135623730951,45
4274,4782,0.72,0.682,0.16997051391190954,0.4507761840059805,13,20,4,10,10,32,7,10,0.9917277852314113,43.447427462110056
4274,4783,0.821,0.667,0.11735809519686558,0.4108534535331988,13,20,4,10,11,32,7,10,1.0577948761456542,39.091231483126236
4274,4784,0.899,0.65,0.07276517279777617,0.371923186144699,13,20,4,10,12,32,7,10,1.1093696408321259,35.867891873753514
4274,4785,0.95,0.632,0.039308666358118804,0.33829979002287236,13,20,4,10,13,32,7,10,1.1410188429644796,33.63435944483415
4274,4786,0.98,0.684,0.01767042628546356,0.31401395184477954,13,20,4,10,14,32,7,10,1.1950966488113002,34.91346831534622
4274,4787,0.994,0.737,0.006183405162126787,0.3002814509353364,13,20,4,10,15,32,7,10,1.2374186841970667,36.555037957176424
4274,4788,0.999,0.79,0.0014943347942765195,0.29461803931634767,13,20,4,10,16,32,7,10,1.27361728945551,38.3366227353616
4274,4789,1,0.843,1.8201096375636272e-4,0.2931063877628729,13,20,4,10,17,32,7,10,1.3079178108734508,40.1308887134993
4274,4790,1,0.895,6.393775283553005e-6,0.2929012343078853,13,20,4,10,18,32,7,10,1.3420227270802831,41.82854278370222
4274,4791,1,0.948,1.4453266583558388e-8,0.2928932412907238,13,20,4,10,19,32,7,10,1.3779346864057092,43.470907000688804
4274,4792,1,1,0,0.2928932188134524,13,20,4,10,20,32,7,10,1.4142135623730951,45
4274,4804,0.754,0.696,0.1461316244781763,0.4340342906694261,13,20,4,10,10,33,7,10,1.0261247487513396,42.70938995736147
4274,4805,0.845,0.682,0.09964286525560417,0.39728203518443883,13,20,4,10,11,33,7,10,1.0858862739716346,38.907019920858744
4274,4806,0.914,0.667,0.06104100861835415,0.36211533959721265,13,20,4,10,12,33,7,10,1.1314967962835778,36.12044636937298
4274,4807,0.958,0.65,0.032634680986739606,0.3322577369678681,13,20,4,10,13,33,7,10,1.1576977152953183,34.15676935143534
4274,4808,0.983,0.7,0.014546502302391962,0.31101580196611756,13,20,4,10,14,33,7,10,1.206767997586943,35.454888456210455
4274,4809,0.995,0.75,0.005067261572326509,0.2991645804670905,13,20,4,10,15,33,7,10,1.2460036115517483,37.00784869431463
4274,4810,0.999,0.8,0.0012151482324347374,0.294339632504908,13,20,4,10,16,33,7,10,1.2798441311347253,38.687774465176346
4274,4811,1,0.85,1.466596961199329e-4,0.2930692634741908,13,20,4,10,17,33,7,10,1.3124404748406686,40.36453657309736
4274,4812,1,0.9,5.177205459894196e-6,0.2928997051911134,13,20,4,10,18,33,7,10,1.3453624047073711,41.98721249581666
4274,4813,1,0.95,1.1883536155110619e-8,0.2928932364565856,13,20,4,10,19,33,7,10,1.379311422413372,43.53119928561418
4274,4814,1,1,0,0.2928932188134524,13,20,4,10,20,33,7,10,1.4142135623730951,45
4274,4827,0.784,0.708,0.12634544716724294,0.41973902314775013,13,20,4,10,10,34,7,10,1.0563711468986645,42.08396857526842
4274,4828,0.866,0.696,0.08518222644051276,0.3858775103827008,13,20,4,10,11,34,7,10,1.1110229520581472,38.78867119005918
4274,4829,0.926,0.682,0.0516618821839514,0.3539988071128799,13,20,4,10,12,34,7,10,1.1500434774390054,36.37168603323038
4274,4830,0.965,0.667,0.027370316066208322,0.3273288724460638,13,20,4,10,13,34,7,10,1.1730788549794937,34.651906778977605
4274,4831,0.986,0.714,0.012108335364190093,0.3086014593899087,13,20,4,10,14,34,7,10,1.2173709377178346,35.90972307917768
4274,4832,0.996,0.762,0.004200984187560097,0.2982752794723741,13,20,4,10,15,34,7,10,1.254057414953558,37.41816588214822
4274,4833,0.999,0.81,9.978468654920913e-4,0.2941200747391064,13,20,4,10,16,34,7,10,1.2861185792919718,39.03551289874689
4274,4834,1,0.858,1.1909667690646053e-4,0.2930402645714778,13,20,4,10,17,34,7,10,1.317635761506191,40.62959351305883
4274,4835,1,0.905,4.227246703125687e-6,0.29289852520149007,13,20,4,10,18,34,7,10,1.348712348872064,42.14509520315724
4274,4836,1,0.953,9.7587600222937e-9,0.2928932328151198,13,20,4,10,19,34,7,10,1.3813793830805496,43.62141221053497
4274,4837,1,1,0,0.2928932188134524,13,20,4,10,20,34,7,10,1.4142135623730951,45
4274,4851,0.81,0.72,0.10984576594408635,0.4074795201588586,13,20,4,10,10,35,7,10,1.0837435120913066,41.6335393365702
4274,4852,0.884,0.708,0.07332629849238426,0.37622629207414826,13,20,4,10,11,35,7,10,1.1325722934983002,38.69141099744513
4274,4853,0.937,0.696,0.04408352599734988,0.34721494159128596,13,20,4,10,12,35,7,10,1.1672124913656468,36.604823106825194
4274,4854,0.97,0.682,0.02316537698313037,0.32325513895543534,13,20,4,10,13,35,7,10,1.185758828767469,35.11077596227056
4274,4855,0.988,0.727,0.010185064559329882,0.30662507888374546,13,20,4,10,14,35,7,10,1.226651132148012,36.34674837354068
4274,4856,0.996,0.773,0.0035118786270774693,0.29755316651694996,13,20,4,10,15,35,7,10,1.2607715891469002,37.8151967724363
4274,4857,0.999,0.819,8.257890339724572e-4,0.29394306145844273,13,20,4,10,16,35,7,10,1.2918057129460296,39.3455791773593
4274,4858,1,0.864,9.73682769527251e-5,0.293017083159372,13,20,4,10,17,35,7,10,1.3215506044037815,40.8270155239205
4274,4859,1,0.909,3.4639212925791085e-6,0.2928975945752117,13,20,4,10,18,35,7,10,1.35139964481274,42.270837050918736
4274,4860,1,0.955,8.02128352628273e-9,0.29289323002059064,13,20,4,10,19,35,7,10,1.3827599213167845,43.681404157171436
4274,4861,1,1,0,0.2928932188134524,13,20,4,10,20,35,7,10,1.4142135623730951,45
4274,4879,1,1,0,0.2928932188134524,13,20,4,10,10,13,10,10,1.4142135623730951,45
4274,4880,1,1,0,0.2928932188134524,13,20,4,10,11,13,10,10,1.4142135623730951,45
4274,4881,1,1,0,0.2928932188134524,13,20,4,10,12,13,10,10,1.4142135623730951,45
4274,4882,0.999,0.9,5.057610250236433e-4,0.29340947327069344,13,20,4,10,10,14,10,10,1.3446192769702507,42.015717856406624
4274,4883,0.998,0.889,0.0015582695086344689,0.29456324555741176,13,20,4,10,11,14,10,10,1.3365346983898323,41.694060517722356
4274,4884,0.989,0.876,0.0050559553606763785,0.300328627167061,13,20,4,10,12,14,10,10,1.321172585243881,41.53269829251489
4274,4885,0.931,0.857,0.014940592580498402,0.3272020309834116,13,20,4,10,13,14,10,10,1.2653892681700758,42.63005069664549
4274,4886,0.979,0.8,0.01840372086795028,0.3089837140755676,13,20,4,10,10,15,10,10,1.2642946650207776,39.254332373329255
4274,4887,0.949,0.778,0.037372848232364864,0.3270657212861565,13,20,4,10,11,15,10,10,1.2271450606998342,39.345253886367
4274,4888,0.872,0.75,0.07588841801173374,0.3694242563915445,13,20,4,10,12,15,10,10,1.1501669444041591,40.69855257037982
4274,4889,0.659,0.715,0.1470186019477301,0.43728719335847244,13,20,4,10,13,15,10,10,0.9723713282486275,47.33390743215707
4274,4890,0.469,0.857,0.1815513794592699,0.4599555924621429,13,20,4,10,14,15,10,10,0.9769390973852976,61.30996941454118
4274,4891,0.893,0.7,0.0983020372347394,0.37301186674626863,13,20,4,10,10,16,10,10,1.1346580982833552,38.091995305346025
4274,4892,0.802,0.667,0.17291045859016962,0.42940921091106576,13,20,4,10,11,16,10,10,1.043116963719793,39.74930914445865
4274,4893,0.631,0.625,0.2889251895561594,0.518736579842015,13,20,4,10,12,16,10,10,0.8881362508083993,44.726296128909816
4274,4894,0.363,0.572,0.43064002464455853,0.6050570838205938,13,20,4,10,13,16,10,10,0.6774606999671641,57.60015982608067
4274,4895,0.366,0.714,0.4231210237719395,0.6006766453384125,13,20,4,10,14,16,10,10,0.8023415731469982,62.86009407067906
4274,4896,0.46,0.858,0.2245796730350582,0.4855527266160413,13,20,4,10,15,16,10,10,0.9735317149430726,61.802881957847084
4274,4897,0.73,0.6,0.27563018655620797,0.49507515424730997,13,20,4,10,10,17,10,10,0.9449338601193207,39.41739424346893
4274,4898,0.576,0.556,0.4139985013280373,0.5893393413923729,13,20,4,10,11,17,10,10,0.8005697970820533,43.98781238601755
4274,4899,0.342,0.5,0.5775590731916926,0.7016218428174903,13,20,4,10,12,17,10,10,0.6057755359867217,55.62787208084756
4274,4900,0.233,0.429,0.682988023725114,0.7611869650205715,13,20,4,10,13,17,10,10,0.48819053657358,61.49257333963906
4274,4901,0.34,0.572,0.5375016522433207,0.675025359675759,13,20,4,10,14,17,10,10,0.6654201680141653,59.27251338440033
4274,4902,0.539,0.715,0.2993959173719374,0.5295137079080281,13,20,4,10,15,17,10,10,0.8954027026986238,52.98932676639689
4274,4903,0.754,0.858,0.09540546967378982,0.4041550794647255,13,20,4,10,16,17,10,10,1.1422258970974173,48.69138598645128
4274,4904,0.514,0.5,0.510735846759079,0.6483230047142237,13,20,4,10,10,18,10,10,0.7170746125752884,44.20898427060581
4274,4905,0.318,0.445,0.6856341086183294,0.7662704409606264,13,20,4,10,11,18,10,10,0.5469451526432975,54.45014457175562
4274,4906,0.102,0.375,0.8596947992594242,0.8769924126257977,13,20,4,10,12,18,10,10,0.38862449742650035,74.78367328797702
4274,4907,0.24,0.286,0.7353191669687262,0.8149727326413923,13,20,4,10,13,18,10,10,0.3733577372976218,49.99794209392792
4274,4908,0.475,0.429,0.48041439478966175,0.6466733778504867,13,20,4,10,14,18,10,10,0.6400515604230647,42.08701923410504
4274,4909,0.706,0.572,0.24290047890570576,0.498695307154281,13,20,4,10,15,18,10,10,0.9086363408977212,39.014332444275034
4274,4910,0.877,0.715,0.08028373211989548,0.3907549121931321,13,20,4,10,16,18,10,10,1.1315272864584398,39.18965060051036
4274,4911,0.966,0.858,0.012623516945221014,0.3267968030985887,13,20,4,10,17,18,10,10,1.2920216716448683,41.61144300927649
4274,4912,0.274,0.4,0.7484455847886113,0.7975807057420599,13,20,4,10,10,19,10,10,0.4848463674196189,55.58885661606128
4274,4913,0.062,0.333,0.9430887776567599,0.9220316145778951,13,20,4,10,11,19,10,10,0.3387226003679117,79.45308143786991
4274,4914,0.186,0.25,0.8234384194578053,0.8932821992869561,13,20,4,10,12,19,10,10,0.31160231064611826,53.35075253233141
4274,4915,0.434,0.143,0.5782844937956533,0.7281028112076158,13,20,4,10,13,19,10,10,0.4569518574204508,18.236694321722815
4274,4916,0.661,0.286,0.34528174057406713,0.5683550377012017,13,20,4,10,14,19,10,10,0.7202201052456118,23.397061882212355
4274,4917,0.836,0.429,0.1594097283458249,0.44281947717671966,13,20,4,10,15,19,10,10,0.9396472742470975,27.16498505733194
4274,4918,0.943,0.572,0.04882471673561806,0.3586782631537332,13,20,4,10,16,19,10,10,1.102920214702768,31.239943036181234
4274,4919,0.989,0.714,0.007645715666791619,0.3143904315105406,13,20,4,10,17,19,10,10,1.2198020331184893,35.82707553239412
4274,4920,0.999,0.857,3.3196868523077683e-4,0.2969481164803508,13,20,4,10,18,19,10,10,1.3162256645423687,40.624902299009705
4274,4921,0.126,0.3,0.8806698438854406,0.8847537268866931,13,20,4,10,10,20,10,10,0.32538592471094996,67.21759426951832
4274,4922,0.174,0.222,0.8101561190502317,0.8823274831665529,13,20,4,10,11,20,10,10,0.28206382256503576,51.91122711902468
4274,4923,0.39,0.125,0.618554315258903,0.7640526606956342,13,20,4,10,12,20,10,10,0.40954242759450454,17.771320822908756
4274,4924,0.606,0,0.41354554323295944,0.620953698711716,13,20,4,10,13,20,10,10,0.606,0
4274,4925,0.784,0.143,0.23224780694529457,0.4904518607831899,13,20,4,10,14,20,10,10,0.796934752661722,10.336998979146935
4274,4926,0.906,0.286,0.10045155441390485,0.3924077434326205,13,20,4,10,15,20,10,10,0.9500694711440842,17.519514936924146
4274,4927,0.972,0.429,0.028772753867288614,0.3321239271000046,13,20,4,10,16,20,10,10,1.0624617640178868,23.814650422047418
4274,4928,0.995,0.572,0.004317867132165754,0.3037800962981494,13,20,4,10,17,20,10,10,1.1476972597335937,29.893492085296447
4274,4929,1,0.715,1.6936257863131576e-4,0.2942710447616922,13,20,4,10,18,20,10,10,1.2293189171244376,35.56476799303516
4274,4930,1,0.857,2.5264201086727667e-7,0.2929291642390369,13,20,4,10,19,20,10,10,1.3169848138835922,40.59657583596283
4274,4931,0.195,0.364,0.7567914967701668,0.8344449604499454,13,20,4,10,10,21,10,10,0.41294188453098335,61.82140989004083
4274,4932,0.342,0.3,0.6258333627533098,0.7627995853357176,13,20,4,10,11,21,10,10,0.45493296209441675,41.257011704312866
4274,4933,0.546,0.222,0.4558914282462042,0.6521586751139562,13,20,4,10,12,21,10,10,0.5894064811316551,22.126334809373287
4274,4934,0.724,0.125,0.2912179184211552,0.5335872308821374,13,20,4,10,13,21,10,10,0.7347115080084154,9.795657061521846
4274,4935,0.859,0.25,0.15569242878222667,0.43069435449210725,13,20,4,10,14,21,10,10,0.8946401511222264,16.226902148632497
4274,4936,0.944,0.375,0.06347423183824619,0.35750515922555937,13,20,4,10,15,21,10,10,1.0157563684269963,21.665240614080577
4274,4937,0.985,0.5,0.0173420244817436,0.3158060129410235,13,20,4,10,16,21,10,10,1.1046379497373788,26.912996977743674
4274,4938,0.998,0.625,0.0024872188088392866,0.29795462860152266,13,20,4,10,17,21,10,10,1.1775521219886618,32.056959195154654
4274,4939,1,0.75,8.640533723391908e-5,0.2932987040548398,13,20,4,10,18,21,10,10,1.25,36.86989764584402
4274,4940,1,0.876,1.233030373359867e-7,0.29289681270393886,13,20,4,10,19,21,10,10,1.3294269442131825,41.218359795425336
4274,4941,1,1,0,0.2928932188134524,13,20,4,10,20,21,10,10,1.4142135623730951,45
4274,4942,0.312,0.416,0.6114666383867868,0.7440540900347838,13,20,4,10,10,22,10,10,0.52,53.13010235415598
4274,4943,0.484,0.364,0.4784355105337732,0.6641287579347812,13,20,4,10,11,22,10,10,0.6056005284013547,36.945585553618244
4274,4944,0.662,0.3,0.33516429044390006,0.566668305638106,13,20,4,10,12,22,10,10,0.7268039625648721,24.37871251811927
4274,4945,0.805,0.222,0.20588105529746703,0.4695205730926362,13,20,4,10,13,22,10,10,0.835050297886301,15.41759973445524
4274,4946,0.906,0.333,0.10509323513333102,0.38923125526701174,13,20,4,10,14,22,10,10,0.9652590325917701,20.180887237565532
4274,4947,0.965,0.445,0.04093654235081767,0.33495854611177067,13,20,4,10,15,22,10,10,1.0626617523934885,24.756311854585928
4274,4948,0.991,0.556,0.01055291236441036,0.306102268121475,13,20,4,10,16,22,10,10,1.1363172972369997,29.294579890117124
4274,4949,0.999,0.667,0.0014084476382949518,0.2952218293988623,13,20,4,10,17,22,10,10,1.2012035630982785,33.729755198814786
4274,4950,1,0.778,4.400437658325096e-5,0.2930259721507169,13,20,4,10,18,22,10,10,1.266998026833507,37.88291605856699
4274,4951,1,0.889,6.240352157238505e-8,0.2928938200787241,13,20,4,10,19,22,10,10,1.3380287739805896,41.63709543013025
4274,4952,1,1,0,0.2928932188134524,13,20,4,10,20,22,10,10,1.4142135623730951,45
4274,4954,0.431,0.462,0.4857874666578267,0.6632703492170855,13,20,4,10,10,23,10,10,0.6318267167507243,46.98819283034133
4274,4955,0.597,0.416,0.36548771864465446,0.5870226537155266,13,20,4,10,11,23,10,10,0.7276434566461791,34.86945566914565
4274,4956,0.747,0.364,0.24746404713428471,0.5027860288425119,13,20,4,10,12,23,10,10,0.8309663049727106,25.979162120719828
4274,4957,0.862,0.3,0.14630830387464644,0.4232937094532715,13,20,4,10,13,23,10,10,0.9127124410240062,19.189319513058898
4274,4958,0.937,0.4,0.07135462995506092,0.36049835547616327,13,20,4,10,14,23,10,10,1.0188076364064023,23.11736185629594
4274,4959,0.978,0.5,0.026355304796002565,0.3202288752892719,13,20,4,10,15,23,10,10,1.098400655498712,27.078273260434482
4274,4960,0.995,0.6,0.0064024625988884365,0.30049414640335503,13,20,4,10,16,23,10,10,1.1619057620994915,31.090610449182183
4274,4961,0.999,0.7,7.922524633178218e-4,0.29401398469932016,13,20,4,10,17,23,10,10,1.219836464449231,35.01895575443812
4274,4962,1,0.8,2.281867381426217e-5,0.292943721737128,13,20,4,10,18,23,10,10,1.2806248474865698,38.659808254090095
4274,4963,1,0.9,3.229387013359286e-8,0.29289337113132774,13,20,4,10,19,23,10,10,1.3453624047073711,41.98721249581666
4274,4964,1,1,0,0.2928932188134524,13,20,4,10,20,23,10,10,1.4142135623730951,45
4274,4967,0.537,0.5,0.383826175893604,0.5964892344539492,13,20,4,10,10,24,10,10,0.7337363286630969,42.956562266779216
4274,4968,0.686,0.462,0.2795561548282238,0.5268345149913438,13,20,4,10,11,24,10,10,0.8270671073135482,33.95905981967627
4274,4969,0.811,0.417,0.18297290141119793,0.45454124484445313,13,20,4,10,12,24,10,10,0.9119265321285482,27.211322408547648
4274,4970,0.901,0.364,0.10386436953373557,0.389446098056323,13,20,4,10,13,24,10,10,0.9717494533057376,21.9984895482397
4274,4971,0.957,0.454,0.04843585626209623,0.3403503458291427,13,20,4,10,14,24,10,10,1.059228492819184,25.379623561914293
4274,4972,0.986,0.546,0.01693370866678434,0.31068088080680367,13,20,4,10,15,24,10,10,1.127081186073124,28.975602729613996
4274,4973,0.997,0.637,0.003920468651512743,0.2973491156011884,13,20,4,10,16,24,10,10,1.183122140778373,32.5751907392162
4274,4974,1,0.727,4.457171823355477e-4,0.29346757162801695,13,20,4,10,17,24,10,10,1.236336928187458,36.01715173092213
4274,4975,1,0.819,1.2167858023715006e-5,0.2929149738051886,13,20,4,10,18,24,10,10,1.2925792045364184,39.31747620953449
4274,4976,1,0.909,1.6908929811876305e-8,0.2928932684830251,13,20,4,10,19,24,10,10,1.35139964481274,42.270837050918736
4274,4977,1,1,0,0.2928932188134524,13,20,4,10,20,24,10,10,1.4142135623730951,45
4274,4981,0.626,0.533,0.3023972505443854,0.5418061021608584,13,20,4,10,10,25,10,10,0.8221709068070945,40.41232508114067
4274,4982,0.756,0.5,0.21339795612983847,0.4793409433259975,13,20,4,10,11,25,10,10,0.9063862311399044,33.47968005228896
4274,4983,0.858,0.461,0.13482463807700296,0.41760864342234505,13,20,4,10,12,25,10,10,0.9740046201122456,28.248962084705802
4274,4984,0.928,0.417,0.07357515654427282,0.36445306623596274,13,20,4,10,13,25,10,10,1.0173853743788537,24.19693147455033
4274,4985,0.97,0.5,0.03269397091274284,0.3262770970937172,13,20,4,10,14,25,10,10,1.091283647820309,27.269471988458072
4274,4986,0.99,0.583,0.010893822525095742,0.3045868284091303,13,20,4,10,15,25,10,10,1.1489077421620937,30.493358402475668
4274,4987,0.998,0.667,0.002413036641436883,0.2955863055282274,13,20,4,10,16,25,10,10,1.2003720256653767,33.75625947840964
4274,4988,1,0.75,2.5331441486320383e-4,0.29320650761589007,13,20,4,10,17,25,10,10,1.25,36.86989764584402
4274,4989,1,0.834,6.696398519245861e-6,0.29290365987413325,13,20,4,10,18,25,10,10,1.3021351696348578,39.82810630428432
4274,4990,1,0.917,9.049692994977931e-9,0.292893238640789,13,20,4,10,19,25,10,10,1.3567936468011634,42.52082345847564
4274,4991,1,1,0,0.2928932188134524,13,20,4,10,20,25,10,10,1.4142135623730951,45
4274,4996,0.699,0.563,0.23713409468011692,0.49696654757174696,13,20,4,10,10,26,10,10,0.8975355146176668,38.849231578350974
4274,4997,0.81,0.533,0.16219446673092308,0.4416202034109874,13,20,4,10,11,26,10,10,0.9696334358921418,33.34590365341327
4274,4998,0.892,0.5,0.09897008510237493,0.3892472632265207,13,20,4,10,12,26,10,10,1.0225771364547518,29.272292183499694
4274,4999,0.947,0.462,0.05191803584959298,0.34608854923989496,13,20,4,10,13,26,10,10,1.0536854369307758,26.00572984099469
4274,5000,0.979,0.539,0.02211027270515109,0.31656996416460714,13,20,4,10,14,26,10,10,1.1175696846282115,28.835500847743084
4274,5001,0.994,0.616,0.007079063184829204,0.30073378511499993,13,20,4,10,15,26,10,10,1.1693981357946488,31.787253121664758
4274,5002,0.999,0.693,0.001507085240296746,0.2945849224315318,13,20,4,10,16,26,10,10,1.2158330477495667,34.74880124918256
4274,5003,1,0.769,1.4839638233987706e-4,0.293075491447511,13,20,4,10,17,26,10,10,1.2614915774590014,37.560284279318815
4274,5004,1,0.847,3.8511921418571404e-6,0.2928987617459954,13,20,4,10,18,26,10,10,1.3104995230827061,40.26459927013793
4274,5005,1,0.924,5.112599454903943e-9,0.2928932280956811,13,20,4,10,19,26,10,10,1.3615344285033706,42.73793318624221
4274,5006,1,1,0,0.2928932188134524,13,20,4,10,20,26,10,10,1.4142135623730951,45
4274,5012,0.758,0.588,0.18517306701211422,0.46029116557143057,13,20,4,10,10,27,10,10,0.9593268473257693,37.80164844583693
4274,5013,0.851,0.563,0.12287261656227577,0.41176005168691565,13,20,4,10,11,27,10,10,1.0203773811683596,33.48760978376159
4274,5014,0.918,0.533,0.07261866737620537,0.36763855490567754,13,20,4,10,12,27,10,10,1.0615144841216253,30.139879828867628
4274,5015,0.961,0.5,0.03672367371670038,0.3327627905077698,13,20,4,10,13,27,10,10,1.0832917427913868,27.487570707343835
4274,5016,0.985,0.572,0.015104059945903248,0.30995394952286215,13,20,4,10,14,27,10,10,1.1390386297224515,30.144192036338143
4274,5017,0.996,0.643,0.004703171168626952,0.2982991541758776,13,20,4,10,15,27,10,10,1.1855230912976769,32.84557227229177
4274,5018,0.999,0.714,9.621931817140883e-4,0.2940037185372961,13,20,4,10,16,27,10,10,1.227923857574239,35.553950378731706
4274,5019,1,0.786,9.061522182818305e-5,0.2930063118299884,13,20,4,10,17,27,10,10,1.2719260984821406,38.1673468344621
4274,5020,1,0.857,2.332427980200613e-6,0.2928964389310097,13,20,4,10,18,27,10,10,1.3169848138835922,40.59657583596283
4274,5021,1,0.929,3.08464298548472e-9,0.29289322374447735,13,20,4,10,19,27,10,10,1.3649325990685401,42.8920866639288
4274,5022,1,1,0,0.2928932188134524,13,20,4,10,20,27,10,10,1.4142135623730951,45
4274,5029,0.805,0.611,0.14431964436941613,0.430555008396302,13,20,4,10,10,28,10,10,1.010616643441023,37.19872395956225
4274,5030,0.883,0.588,0.09324276923503383,0.38836335859621995,13,20,4,10,11,28,10,10,1.0608642703003999,33.66010895118682
4274,5031,0.938,0.563,0.05345782098062635,0.35137120345162876,13,20,4,10,12,28,10,10,1.0939894880664986,30.97273846953139
4274,5032,0.971,0.534,0.026256166679058168,0.3231980278257458,13,20,4,10,13,28,10,10,1.108150260569387,28.808528550457716
4274,5033,0.989,0.6,0.010503945104637147,0.3054611694549054,13,20,4,10,14,28,10,10,1.1567718011777433,31.244074640000616
4274,5034,0.997,0.667,0.003204499061334354,0.2967437147484987,13,20,4,10,15,28,10,10,1.1995407454521918,33.78280049855468
4274,5035,0.999,0.733,6.329844879563451e-4,0.2936556240059871,13,20,4,10,16,28,10,10,1.2390681982845013,36.26875333399602
4274,5036,1,0.8,5.7766265444625375e-5,0.29296765927793356,13,20,4,10,17,28,10,10,1.2806248474865698,38.659808254090095
4274,5037,1,0.867,1.4814551814179566e-6,0.2928952357873479,13,20,4,10,18,28,10,10,1.323513883569039,40.92528797789907
4274,5038,1,0.934,1.935007154507673e-9,0.29289322169555954,13,20,4,10,19,28,10,10,1.3683406008739198,43.045473375173806
4274,5039,1,1,0,0.2928932188134524,13,20,4,10,20,28,10,10,1.4142135623730951,45
4274,5047,0.843,0.632,0.11281861856399578,0.40670687709879194,13,20,4,10,10,29,10,10,1.0536000189825359,36.85902145396383
4274,5048,0.908,0.611,0.07111932410465893,0.3702187904303622,13,20,4,10,11,29,10,10,1.0944336434887225,33.93690539362352
4274,5049,0.952,0.588,0.039783862853829954,0.33922254062122204,13,20,4,10,12,29,10,10,1.1189495073505327,31.701429669505718
4274,5050,0.978,0.563,0.01909140094309325,0.3163476570939878,13,20,4,10,13,29,10,10,1.1284737480331566,29.927511762821442
4274,5051,0.992,0.625,0.007500176048772733,0.30238461627436897,13,20,4,10,14,29,10,10,1.1724713216108955,32.2125815798382
4274,5052,0.998,0.688,0.0022433989575767477,0.29572667744038916,13,20,4,10,15,29,10,10,1.2121666552087629,34.58155461812813
4274,5053,1,0.75,4.290838162694932e-4,0.2934384277774639,13,20,4,10,16,29,10,10,1.25,36.86989764584402
4274,5054,1,0.813,3.8288816496589995e-5,0.2929446884888409,13,20,4,10,17,29,10,10,1.2887858627405873,39.111110804715416
4274,5055,1,0.876,9.826467328721833e-7,0.29289455654451424,13,20,4,10,18,29,10,10,1.3294269442131825,41.218359795425336
4274,5056,1,0.938,1.2621151901370808e-9,0.2928932206115482,13,20,4,10,19,29,10,10,1.3710740315533658,43.16763304046667
4274,5057,1,1,0,0.2928932188134524,13,20,4,10,20,29,10,10,1.4142135623730951,45
4274,5066,0.874,0.65,0.0887399853232066,0.38773068602902006,13,20,4,10,10,30,10,10,1.089208887220445,36.63844331373408
4274,5067,0.927,0.632,0.05477693180203547,0.3562138195645427,13,20,4,10,11,30,10,10,1.1219416205846007,34.28495906265143
4274,5068,0.963,0.611,0.030048516240081757,0.33014563788642626,13,20,4,10,12,30,10,10,1.1404779699757466,32.39413009183867
4274,5069,0.984,0.589,0.014159711702623534,0.31139977169450117,13,20,4,10,13,30,10,10,1.1468116671886452,30.903778917284637
4274,5070,0.994,0.647,0.005487005327840078,0.30023689958325006,13,20,4,10,14,30,10,10,1.1860206574929462,33.06032168933993
4274,5071,0.998,0.706,0.0016126671880254406,0.2950399276328902,13,20,4,10,15,30,10,10,1.2224729035851878,35.27615455906439
4274,5072,1,0.765,2.9930398502220346e-4,0.2932964633171745,13,20,4,10,16,30,10,10,1.2590571869458511,37.41598861857788
4274,5073,1,0.824,2.6213876189840057e-5,0.29293016552997964,13,20,4,10,17,30,10,10,1.2957530628943155,39.48852258397938
4274,5074,1,0.883,6.673525763112309e-7,0.2928941421368335,13,20,4,10,18,30,10,10,1.3340498491435768,41.4445038973404
4274,5075,1,0.942,8.425583564175554e-10,0.2928932199830435,13,20,4,10,19,30,10,10,1.3738136700440857,43.289306039103366
4274,5076,1,1,0,0.2928932188134524,13,20,4,10,20,30,10,10,1.4142135623730951,45
4274,5086,0.898,0.667,0.07040013705433024,0.3726612674761479,13,20,4,10,10,31,10,10,1.1186120864714453,36.60355050894305
4274,5087,0.942,0.65,0.0427396239494271,0.3453757375876696,13,20,4,10,11,31,10,10,1.1444929008080391,34.60649965490371
4274,5088,0.971,0.632,0.023066366645042025,0.3233035934868044,13,20,4,10,12,31,10,10,1.1585616082021706,33.05911245841881
4274,5089,0.988,0.611,0.010716151106645033,0.30776558451137626,13,20,4,10,13,31,10,10,1.1616647537047855,31.733519153416296
4274,5090,0.996,0.667,0.004103860054354924,0.29869800643604594,13,20,4,10,14,31,10,10,1.198709722993853,33.80937832428409
4274,5091,0.999,0.722,0.0011831138681930309,0.29455916740754573,13,20,4,10,15,31,10,10,1.232592795695318,35.85649474019722
4274,5092,1,0.778,2.1379938139032273e-4,0.29319929104641185,13,20,4,10,16,31,10,10,1.266998026833507,37.88291605856699
4274,5093,1,0.834,1.837532194837177e-5,0.2929204607760286,13,20,4,10,17,31,10,10,1.3021351696348578,39.82810630428432
4274,5094,1,0.889,4.626059083578937e-7,0.2928938732789649,13,20,4,10,18,31,10,10,1.3380287739805896,41.63709543013025
4274,5095,1,0.945,5.6672411208325e-10,0.2928932195954531,13,20,4,10,19,31,10,10,1.3758724504836921,43.38024250274473
4274,5096,1,1,0,0.2928932188134524,13,20,4,10,20,31,10,10,1.4142135623730951,45
4274,5107,0.917,0.682,0.056446012085148545,0.36064655457255124,13,20,4,10,10,32,10,10,1.1428092579253986,36.6392718474982
4274,5108,0.954,0.667,0.03378407214244428,0.3369133563604739,13,20,4,10,11,32,10,10,1.1640468203641983,34.959761335326114
4274,5109,0.978,0.65,0.0179925832040565,0.3180691008874067,13,20,4,10,12,32,10,10,1.174301494506415,33.60887375012734
4274,5110,0.991,0.632,0.008266322043606222,0.3050381131087926,13,20,4,10,13,32,10,10,1.1753744084333297,32.527272970668356
4274,5111,0.997,0.684,0.003123108034458588,0.2975632341329223,13,20,4,10,14,32,10,10,1.209076093552428,34.45238895686392
4274,5112,0.999,0.737,8.82982628251483e-4,0.29421039105585234,13,20,4,10,15,32,10,10,1.241438681530425,36.41759623176875
4274,5113,1,0.79,1.5547229547097086e-4,0.2931299529661733,13,20,4,10,16,32,10,10,1.2744018204632321,38.30873556744772
4274,5114,1,0.843,1.3081967996986243e-5,0.29291367587525263,13,20,4,10,17,32,10,10,1.3079178108734508,40.1308887134993
4274,5115,1,0.895,3.223997152579372e-7,0.292893690941181,13,20,4,10,18,32,10,10,1.3420227270802831,41.82854278370222
4274,5116,1,0.948,3.8097602850228895e-10,0.29289321934672896,13,20,4,10,19,32,10,10,1.3779346864057092,43.470907000688804
4274,5117,1,1,0,0.2928932188134524,13,20,4,10,20,32,10,10,1.4142135623730951,45
4274,5129,0.933,0.696,0.04574971951265516,0.3509837841562067,13,20,4,10,10,33,10,10,1.1640038659729615,36.7222284379839
4274,5130,0.963,0.682,0.027038870860221942,0.33021808698597455,13,20,4,10,11,33,10,10,1.180039406121677,35.30626077040854
4274,5131,0.982,0.667,0.0142251206302475,0.31399090079152725,13,20,4,10,12,33,10,10,1.1871027756685602,34.185369169439156
4274,5132,0.993,0.65,0.006468099533451954,0.30294264130676685,13,20,4,10,13,33,10,10,1.1868230702172924,33.208039155171576
4274,5133,0.998,0.7,0.0024099720794780177,0.296702340467199,13,20,4,10,14,33,10,10,1.2190176372801174,35.04592750208645
4274,5134,0.999,0.75,6.656640296063276e-4,0.29394899214018533,13,20,4,10,15,33,10,10,1.2492001440922107,36.89741723042958
4274,5135,1,0.8,1.1414470109993857e-4,0.29307872031178694,13,20,4,10,16,33,10,10,1.2806248474865698,38.659808254090095
4274,5136,1,0.85,9.366581809389096e-6,0.29290876750827766,13,20,4,10,17,33,10,10,1.3124404748406686,40.36453657309736
4274,5137,1,0.9,2.2496082430212283e-7,0.2928935635355139,13,20,4,10,18,33,10,10,1.3453624047073711,41.98721249581666
4274,5138,1,0.95,2.5613078324937533e-10,0.292893219182901,13,20,4,10,19,33,10,10,1.379311422413372,43.53119928561418
4274,5139,1,1,0,0.2928932188134524,13,20,4,10,20,33,10,10,1.4142135623730951,45
4274,5152,0.945,0.708,0.03743758914515449,0.34312036915734234,13,20,4,10,10,34,10,10,1.1808001524390146,36.84078393924752
4274,5153,0.971,0.696,0.021882245117883503,0.32483774092118956,13,20,4,10,11,34,10,10,1.194678617871769,35.63245519426199
4274,5154,0.986,0.682,0.011388042771790174,0.3107511230074035,13,20,4,10,12,34,10,10,1.1988828132891054,34.67097299689701
4274,5155,0.994,0.667,0.005118743236273815,0.30129504865917467,13,20,4,10,13,34,10,10,1.1970484534888302,33.862644653218624
4274,5156,0.998,0.714,0.0018769245227340248,0.2960319454038567,13,20,4,10,14,34,10,10,1.227110426978762,35.581100125088206
4274,5157,1,0.762,5.054671759824325e-4,0.29374757957598996,13,20,4,10,15,34,10,10,1.2572366523451342,37.30740066286194
4274,5158,1,0.81,8.431592284041667e-5,0.29303983004309286,13,20,4,10,16,34,10,10,1.2868954891520912,39.007472552121044
4274,5159,1,0.858,6.7416968572153735e-6,0.29290513225827663,13,20,4,10,17,34,10,10,1.317635761506191,40.62959351305883
4274,5160,1,0.905,1.5772444972306232e-7,0.29289347284463596,13,20,4,10,18,34,10,10,1.348712348872064,42.14509520315724
4274,5161,1,0.953,1.7303070087848482e-10,0.29289321907306776,13,20,4,10,19,34,10,10,1.3813793830805496,43.62141221053497
4274,5162,1,1,0,0.2928932188134524,13,20,4,10,20,34,10,10,1.4142135623730951,45
4274,5176,0.955,0.72,0.030894607804335728,0.3366343903119142,13,20,4,10,10,35,10,10,1.1960037625358877,37.01361585490981
4274,5177,0.976,0.708,0.01786059054951239,0.32044246200410387,13,20,4,10,11,35,10,10,1.205752876836709,35.95750051789692
4274,5178,0.989,0.696,0.009200666644774258,0.30812758295766707,13,20,4,10,12,35,10,10,1.2093539597652956,35.135628070302594
4274,5179,0.996,0.682,0.004080319035716151,0.29997163725931597,13,20,4,10,13,35,10,10,1.2071205407911838,34.40096213191974
4274,5180,0.999,0.727,0.0014687877766790258,0.29549802460733565,13,20,4,10,14,35,10,10,1.2355282271158357,36.04442062634799
4274,5181,1,0.773,3.8507304914703333e-4,0.2935889524634757,13,20,4,10,15,35,10,10,1.2639339381470853,37.70402318982563
4274,5182,1,0.819,6.239383988915215e-5,0.29300973855757884,13,20,4,10,16,35,10,10,1.2925792045364184,39.31747620953449
4274,5183,1,0.864,4.871973518505435e-6,0.2929023997365158,13,20,4,10,17,35,10,10,1.3215506044037815,40.8270155239205
4274,5184,1,0.909,1.109109671881825e-7,0.2928934075338657,13,20,4,10,18,35,10,10,1.35139964481274,42.270837050918736
4274,5185,1,0.955,1.1774825559029978e-10,0.29289321899837817,13,20,4,10,19,35,10,10,1.3827599213167845,43.681404157171436
4274,5186,1,1,0,0.2928932188134524,13,20,4,10,20,35,10,10,1.4142135623730951,45
